user_id, 1, 2, 3, 4, 5, 6, 7,8,9,10,11,12,13,14,15,16,17,18,19,20,21,22,23,24,25,26,27,28,29,30,31, 32,33,34,35,36,37,38,39,40,41,42, 43, 44, 45,46,47,48,49,50,51,52,53,54,55,56, 57,58,59,60,61,62,63,64,65,66,67,68,69,70,71,72,73,74,75,76,77,78,79,80,81,82,83,84, 85,86,87,88,89,90, 91,92,93,94,95,96,97,98,99,100,101,102,103,104,105,106,107,108 ,109,110,111,112,113,114,115,116,117,118,119,120,121,122,123,124,125,126,127,128
file-moved,-0.12043102830648422,0.14478100836277008,0.083258256316185,-0.10130799561738968,-0.02564079873263836,-0.0476187951862812,0.06083398312330246,-0.11015375703573227,0.1587858498096466,-0.13243480026721954,0.26888734102249146,-0.05148480460047722,-0.2123454362154007,-0.14239735901355746,-0.03226335719227792,0.10007930546998978,-0.08135905116796494,-0.16136211156845093,-0.09490004181861876,-0.1456781029701233,-0.003206238616257906,-0.021189255639910698,-0.03909993544220925,0.006893273442983627,-0.1351025551557541,-0.31486237049102783,-0.10067708045244217,-0.11039481312036514,-0.0375618003308773,-0.09551296383142473,0.08022227138280869,0.05319767817854881,-0.14592210948467255,-0.00827043503522873,-0.0946112424135208,0.0588560551404953,-0.014830360189080238,0.016802873462438583,0.1630476713180542,0.016128232702612873,-0.10726387053728104,-0.07118626683950424,0.053246613591909416,0.2950398623943329,0.12960483133792874,-0.02613111771643161,0.07897854596376419,-0.0014215819537639618,0.08443350344896318,-0.2153762578964233,0.048400916159152985,0.07989402860403061,0.19605407118797305,0.057965885847806924,0.09638963639736177,-0.11643076688051225,-0.003284486010670662,0.060164235532283776,-0.14127901196479795,0.0408703163266182,0.02633871883153916,-0.1032453626394272,-0.11730711162090306,0.010709070600569248,0.2965254783630371,0.10824014991521837,-0.10290531069040296,-0.06100691482424736,0.2418460100889206,-0.08912468701601027,-0.02905528247356415,0.047738734632730484,-0.08858580142259598,-0.09923632442951202,-0.2369752377271652,0.15147002041339874,0.41457200050354,0.08406323194503784,-0.1298958957195282,0.03721674159169197,-0.19811448454856875,0.0013034297153353693,-0.03482769429683685,-0.03468276187777518,-0.17495663464069364,0.04112447053194046,-0.13964588940143585,0.07678946107625961,0.17030031979084015,-0.047032181173563004,-0.03502636402845384,0.13216200470924375,-0.015019563958048819,0.01625499315559864,0.01989418640732765,-0.02324281819164753,-0.1009678766131401,0.023152513429522514,-0.05552101507782936,-0.0016348278149962425,0.12790602445602414,-0.16682174801826474,-0.01988709345459938,0.050120335072278976,-0.2293677777051925,0.16963085532188416,0.019069034606218338,-0.049720801413059235,-0.02356378361582756,0.05368167161941528,-0.07535070925951004,-0.019553791731596,0.16351398825645447,-0.22879990935325625,0.15211184322834015,0.12894977629184726,-0.009304948151111605,0.1846664398908615,0.09122449904680252,0.06891083717346191,-0.01777798682451248,-0.061784997582435615,-0.07848312705755234,-0.07936745136976242,0.05598117411136627,-0.0033883294090628624,0.051829569041728966,0.07018047571182251
file-moved,-0.14362148940563202,0.14403000473976135,0.05095849558711052,-0.02089335396885872,0.0050291321240365505,-0.053153816610574715,0.04598445072770119,-0.07101228833198547,0.1734391152858734,-0.1283813714981079,0.27620476484298706,-0.03722719103097916,-0.18673898279666887,-0.15251116454601288,0.03184853121638298,0.10283656418323517,-0.09706909954547882,-0.17433449625968933,-0.0955558866262436,-0.14610831439495087,-0.03127635270357132,-0.0278933234512806,-0.044181041419506066,0.015472888015210629,-0.12417545914649965,-0.3174547851085663,-0.0765409767627716,-0.13855378329753876,0.04201548546552658,-0.13451924920082092,0.019730791449546814,0.04897352308034897,-0.16195231676101685,-0.035904154181480415,-0.07477341592311859,0.04522377252578736,0.006707865744829178,0.012108425609767435,0.1679818332195282,-0.013369142077863216,-0.11047042161226273,-0.08435371518135071,0.055659845471382134,0.294537752866745,0.11109817028045654,0.003739603795111179,0.03776257857680322,-0.005714491009712218,0.08951900154352188,-0.16674138605594635,0.06351197510957718,0.05804736167192458,0.1998146027326584,0.07025089859962462,0.07641712576150894,-0.18555417656898496,-0.01465221121907234,-0.011434196494519707,-0.13698604702949524,0.060814369469881065,0.01371389627456665,-0.10100119560956956,-0.13114653527736664,-0.01165803987532854,0.30097559094429016,0.06146470084786415,-0.06815725564956665,-0.11546291410923006,0.2463166266679764,-0.09878657758235933,-0.005076989997178315,0.09927615523338318,-0.07763513922691345,-0.119325652718544,-0.25575196743011475,0.15052197873592374,0.35766932368278503,0.09118390828371048,-0.11392862349748613,0.07082163542509079,-0.1544903963804245,-0.04311097413301468,-0.058984339237213135,0.0028826287016272545,-0.16216537356376648,0.05213566496968269,-0.13058273494243622,0.05943723022937775,0.1808820068836212,-0.014032570645213129,-0.05333101376891136,0.10139057785272597,-0.038174618035554886,0.021452361717820168,0.00959735456854105,-0.04216430336236954,-0.09111841022968292,0.0037822774611413475,-0.06771573424339294,-0.029680183157324787,0.13132157921791074,-0.16032356023788452,-0.04328452423214912,0.06487154960632324,-0.21829043328762046,0.13588576018810272,0.032202452421188354,-0.02841995283961296,-0.012216792441904543,0.10087085515260696,-0.1048535853624344,-0.043980933725833886,0.15089954435825348,-0.25191840529441833,0.18446899950504306,0.1439514458179474,0.07386954128742218,0.17727944254875186,0.07961455732584,0.0743924230337143,-0.006504894234240055,-0.029325587674975395,-0.12846803665161133,-0.07197254151105881,0.060561090707778924,-0.02142505533993244,0.037583012133836746,0.09594525396823883
file-moved,-0.11716078966856006,0.13670499622821808,0.09585461765527724,-0.07787192612886429,0.02041591703891754,-0.04533639922738075,0.0676378458738327,-0.11676843464374542,0.1805662512779236,-0.134696826338768,0.2804920375347137,-0.017217312008142468,-0.22719213366508484,-0.17210717499256134,-0.0053631337359547615,0.09546572715044024,-0.09978438913822174,-0.17955803871154785,-0.08853992819786073,-0.12211327254772185,-0.032088153064250946,-0.02522710338234901,-0.016595270484685898,0.005142494104802609,-0.09630826115608217,-0.3356340229511261,-0.10971052199602127,-0.1294824331998825,0.008296966552734375,-0.1019246056675911,0.014552285894751547,0.031988609582185745,-0.16667328774929047,-0.05290530622005463,-0.11677956581115725,0.04186229407787323,-0.003864044556394219,0.014853799715638159,0.16154871881008148,0.027203481644392014,-0.11780140548944472,-0.05174277350306511,0.010598167777061462,0.3019331693649292,0.1837498247623444,0.00386851979419589,0.05909917503595352,-0.005435970611870289,0.061170443892478936,-0.2305903285741806,0.06195757538080216,0.07593416422605515,0.211385115981102,0.0465107411146164,0.05830158293247222,-0.14893092215061188,-0.035473760217428214,0.027745284140110016,-0.14493387937545776,0.054081253707408905,0.03893888369202614,-0.0851021483540535,-0.07380986213684082,0.0375354029238224,0.29012739658355713,0.09213777631521224,-0.1105676218867302,-0.041759204119443886,0.2517688870429993,-0.1134759485721588,0.0019875629805028447,0.05072363093495369,-0.09148739278316498,-0.1164972484111786,-0.2352778911590576,0.1473371833562851,0.4196666181087494,0.09818902611732484,-0.12604090571403506,0.007895901799201965,-0.2427189201116562,0.000644119456410408,-0.024217341095209118,-0.031788673251867294,-0.15377837419509888,0.0151535551995039,-0.15316595137119293,0.05441667139530182,0.1732833981513977,-0.011336766183376312,-0.0505942776799202,0.1460397094488144,-0.023533184081316005,0.03977726399898529,0.018509205430746082,0.010808766819536686,-0.07222983241081238,0.030575843527913094,-0.08183587342500688,0.011796294711530209,0.07087399810552597,-0.15033558011054993,-0.02303590998053551,0.07541918009519577,-0.20707449316978446,0.1672290414571762,0.03712291643023491,-0.026882130652666092,-0.0055575668811798104,0.05581138655543327,-0.06615587323904037,-0.036028552800416946,0.15825575590133667,-0.2325675040483475,0.15356306731700894,0.1688099503517151,0.01247326284646988,0.17819660902023315,0.07062925398349762,0.06611260771751404,-0.020554974675178528,-0.0874023586511612,-0.12902235984802246,-0.0702403336763382,0.039679288864135735,-0.010006110183894634,0.0661437138915062,0.09300708770751953
file-moved,-0.14321260154247284,0.14038698375225067,0.07278168201446532,-0.04065762087702751,0.012164175510406494,-0.02702764049172401,0.02034996449947357,-0.08920197188854218,0.19196093082427976,-0.10316436737775804,0.2721089422702789,0.001127690076828003,-0.2007805705070496,-0.16360342502593994,-0.025122050195932392,0.1008634865283966,-0.10433487594127656,-0.1538194864988327,-0.06719489395618439,-0.13799947500228882,0.004800836555659771,0.011180722154676914,-0.013000411912798882,-0.0013771718367934227,-0.1233135461807251,-0.3527755439281464,-0.06576117128133774,-0.13666439056396484,-0.000959264114499092,-0.10415724664926528,0.05162117630243301,0.0596567839384079,-0.15904836356639862,-0.012389909476041794,-0.09609447419643402,0.04439494013786316,0.0009307675063610076,0.051440995186567307,0.18935805559158325,0.00888937059789896,-0.11536883562803267,-0.0642513558268547,0.03358708694577217,0.29747506976127625,0.1461479514837265,-0.02426346018910408,0.043086450546979904,-0.017221752554178238,0.04868549853563309,-0.1902490258216858,0.04368457570672035,0.09633225202560423,0.16168414056301114,0.04375072941184044,0.0934784859418869,-0.1536208838224411,-0.05088310688734055,-0.02159687131643296,-0.12980467081069946,0.051334701478481286,-0.017963096499443054,-0.09978658705949783,-0.12463033199310306,0.007115731947124004,0.2780254781246185,0.06555306911468506,-0.07394435256719589,-0.11313751339912415,0.2501046359539032,-0.08590969443321228,-0.010616540908813477,0.09908881038427353,-0.08380014449357986,-0.12330619245767592,-0.24859540164470675,0.12590888142585754,0.41056177020072937,0.04154666885733605,-0.14402596652507782,0.0873492956161499,-0.2084158957004547,-0.05623476952314377,-0.0130495335906744,-0.03135934844613075,-0.10855714976787567,0.023348579183220863,-0.12672820687294006,0.06508830189704895,0.16580699384212494,-0.03290034085512161,-0.06683722138404846,0.12408953905105592,-0.022653527557849884,0.038126401603221886,0.0303418692201376,-0.00022371672093868256,-0.06299582123756409,0.050364803522825234,-0.09167898446321487,-0.012144729495048523,0.1182728260755539,-0.14752250909805298,-0.015508555807173254,0.03764665499329567,-0.20698939263820648,0.13286395370960236,0.07913947105407715,-0.02829653769731522,0.025778591632843014,0.10103610903024672,-0.13898375630378726,-0.05176377668976784,0.1851065754890442,-0.2789005935192108,0.21811214089393616,0.1334204226732254,0.02298731729388237,0.19212006032466888,0.08174160122871399,0.08073360472917558,-0.014463204890489578,-0.04900990426540375,-0.10649032145738603,-0.05829235538840294,0.029486389830708507,-0.0003954190760850906,0.022682137787342068,0.10002169758081436
file-moved,-0.07954557985067368,0.0952928215265274,0.056212790310382836,-0.04016464576125145,0.010418604128062723,-0.057283394038677216,0.027698513120412827,-0.09725187718868256,0.15552003681659698,-0.07447414845228195,0.25532934069633484,-0.057863917201757424,-0.2162279188632965,-0.2023870199918747,0.012314791791141031,0.11771218478679656,-0.0952521190047264,-0.15989913046360016,-0.1083931252360344,-0.1345869153738022,-0.03338971361517906,0.009460336528718472,0.027085831388831142,0.003437948413193227,-0.10849769413471222,-0.3720369040966034,-0.0553339421749115,-0.1443844437599182,0.04167811572551727,-0.09184730052947998,-0.02515604719519615,0.08862423151731491,-0.18816770613193512,-0.028150342404842377,-0.08729861676692963,0.0746016800403595,0.030352300032973286,0.010537036694586277,0.17790701985359192,0.05197710916399957,-0.13890793919563293,-0.06780100613832474,-0.013957588002085686,0.2701780498027801,0.19424733519554133,-0.03083774819970132,0.06269533932209015,0.0016932841390371325,0.04847374558448792,-0.2242906242609024,0.07447847723960876,0.10847706347703934,0.17722997069358826,0.0221004281193018,0.04662008211016655,-0.1325995773077011,-0.0567871630191803,0.005602547898888588,-0.1493382602930069,0.011573182418942451,0.05643288418650628,-0.06623344868421555,-0.13711237907409668,-0.002701023127883673,0.2820833623409271,0.10231753438711166,-0.09647638350725174,-0.060042064636945724,0.22860799729824066,-0.10647671669721603,0.014091605320572853,0.04166369885206223,-0.10663061589002608,-0.10580277442932128,-0.2718786597251892,0.16295126080513,0.3747250437736511,0.06542596966028214,-0.17314353585243225,0.03304523602128029,-0.1980640292167664,0.023529913276433945,0.012560149654746056,-0.03444858267903328,-0.13350555300712585,0.04990251362323761,-0.14875787496566772,0.06587575376033783,0.1342381089925766,-0.052654586732387536,-0.03575384616851806,0.13630066812038422,-0.033251408487558365,0.04781685769557953,0.03668856993317604,0.01860529184341431,-0.04084667190909386,0.019730756059288986,-0.08444952219724655,0.02719242125749588,0.141431525349617,-0.1359042376279831,-0.003350939601659775,0.062330640852451324,-0.16606298089027405,0.11857889592647552,0.03381289914250374,-0.04503027349710465,0.04758786410093308,0.03952218219637872,-0.07287779450416565,-0.09717907011508944,0.15722349286079407,-0.21368585526943207,0.15825828909873962,0.14249509572982788,-0.000332607189193368,0.17580550909042358,0.06340506672859192,0.122857503592968,-0.039969563484191895,-0.05153101682662964,-0.1180134117603302,-0.0559135302901268,0.049709271639585495,0.02861001342535019,0.0017304141074419026,0.08566486835479736
file-moved,-0.0675569549202919,0.15621943771839142,0.01703835278749466,-0.01666022464632988,-0.07649988681077957,-0.012924852780997751,0.015381314791738987,-0.06889965385198593,0.20633019506931305,0.007095180917531252,0.2153046578168869,0.020817287266254425,-0.2340975105762481,-0.12524014711380005,0.055721867829561234,0.048699457198381424,-0.12225084006786345,-0.15449869632720947,-0.042710740119218826,-0.07541615515947342,-0.015140400268137457,0.061493724584579475,0.08913069963455199,0.0145046878606081,-0.12812909483909607,-0.37841737270355225,-0.03926954045891762,-0.1342991590499878,0.03679021075367928,-0.09639257937669754,-0.06109654158353805,0.09320875257253647,-0.23366376757621765,-0.13382403552532196,0.009058106690645218,0.1264953762292862,0.025962190702557564,-0.004688161890953779,0.15511967241764069,0.045548759400844574,-0.07912341505289078,-0.05275549739599228,0.022630708292126656,0.28170230984687805,0.16703610122203827,0.002366101834923029,0.05702217668294906,-0.04765170440077782,0.04670598357915878,-0.1647152602672577,0.12777675688266754,0.11978912353515625,0.1671295464038849,0.0010378742590546608,0.056509263813495636,-0.14848902821540833,-0.056295104324817664,0.05570393055677414,-0.18762606382369995,0.11626171320676805,0.07489801198244095,-0.03130489587783813,-0.11073116958141327,-0.06967314332723618,0.27926525473594666,0.10455205291509627,-0.05261136591434479,-0.11985331773757935,0.1578942984342575,-0.11987806856632233,-0.0924030989408493,0.03015589527785778,-0.10626775026321413,-0.12535083293914795,-0.2514577209949493,0.06724587082862854,0.31302326917648315,0.073844775557518,-0.22751495242118835,0.05434943363070488,-0.13999712467193606,-0.033552072942256934,-0.012740487232804298,0.021078696474432945,-0.0933508723974228,0.08436444401741028,-0.14771872758865354,0.04178578406572342,0.20999729633331304,0.006195470690727235,-0.07044991850852966,0.19558680057525635,-0.04111950099468231,0.038815729320049286,0.10871024429798126,-0.0015541617758572102,-0.06127001345157624,-0.01462925598025322,-0.1702815145254135,-0.06675674021244049,0.08026156574487686,-0.19234073162078846,-0.05628661438822746,0.08372700214385986,-0.2129440754652024,0.05999120324850081,0.006590304896235466,-0.023753449320793152,0.04289751127362251,-0.012958250008523464,-0.11254864931106567,-0.09563828259706496,0.2139429301023484,-0.26052185893058777,0.22589418292045602,0.1262495517730713,-0.003485165536403656,0.18242749571800232,0.029969552531838417,0.11688385903835295,0.007998606190085411,-0.014515058137476444,-0.10923796892166138,-0.0771801769733429,0.034438420087099075,-0.008438603952527044,0.05158324539661408,0.0979863628745079
file-moved,-0.10613536834716797,0.1450323462486267,0.04816019907593727,-0.05903428792953491,0.01016406621783972,-0.051461607217788696,0.01699172705411911,-0.08286245912313461,0.14882634580135345,-0.07353052496910095,0.2210035026073456,-0.04278454557061195,-0.1875692456960678,-0.20530179142951965,-0.015794916078448296,0.1093541830778122,-0.13321730494499207,-0.18475425243377688,-0.10095712542533876,-0.13008210062980652,-0.022158149629831314,-0.020862312987446785,-0.0051797935739159575,0.010341780260205269,-0.16274301707744598,-0.3291395902633667,-0.04893210157752037,-0.13664588332176208,0.06212283670902252,-0.11177294701337814,0.010461768135428429,0.06618035584688188,-0.2074275314807892,-0.03791096806526184,-0.0847107470035553,0.07191821932792664,0.05872323736548424,0.029487468302249912,0.14633989334106445,0.04388134181499481,-0.1357702612876892,-0.05240924656391144,0.016354426741600037,0.2880977988243103,0.17244412004947662,-0.011754278093576431,0.05409179255366325,0.011636774986982346,0.10152169317007063,-0.1863849759101868,0.059303559362888336,0.09119116514921187,0.1740417182445526,0.03960347175598145,0.0724845752120018,-0.13157731294631958,-0.01570478081703186,0.03854512423276901,-0.14713986217975614,0.049246948212385185,0.017185280099511147,-0.08683755993843079,-0.10125888884067537,0.001964140217751265,0.2480185478925705,0.046464763581752784,-0.06718485057353972,-0.07324852049350739,0.2601732909679413,-0.08651737868785858,0.010433859191834928,0.05377218127250672,-0.05440860986709595,-0.0667373538017273,-0.2904864549636841,0.12715964019298553,0.3611342906951904,0.08561354875564575,-0.14609351754188538,0.06769164651632309,-0.17793826758861542,-0.01466486416757107,-0.03459269180893898,-0.0248941071331501,-0.17070269584655762,0.07451850175857544,-0.1375192254781723,0.057185441255569465,0.1607140153646469,0.005107428878545761,-0.018095169216394424,0.12639926373958588,-0.034303635358810425,0.02317792177200317,0.03581580147147178,-0.010186146944761276,-0.10796932876110077,0.007666937541216613,-0.06035752594470978,-0.010621814988553524,0.1312374472618103,-0.17045889794826508,-0.018842261284589767,0.07286609709262848,-0.1964583843946457,0.12497982382774353,0.03684492409229279,-0.023738201707601547,0.0016853241249918938,0.08789518475532533,-0.05820839107036591,-0.06206177175045013,0.14755693078041074,-0.2221558839082718,0.17680129408836365,0.16023096442222595,0.018228912726044655,0.15222026407718658,0.08686987310647963,0.07588304579257965,-0.03364356234669685,-0.03947468101978302,-0.08337971568107605,-0.09453336149454117,0.045174315571784966,-0.03524591773748398,0.03647792339324951,0.09572093933820723
file-moved,-0.08981423079967499,0.14182984828948975,0.06535868346691133,-0.056816041469573975,0.03397227078676224,-0.043697480112314224,0.04081252589821816,-0.09944943338632584,0.15780499577522278,-0.07253506034612656,0.30407610535621643,-0.06242320686578751,-0.18862669169902802,-0.20545251667499545,0.022158650681376457,0.10032082349061966,-0.10671165585517883,-0.16173872351646426,-0.10355736315250397,-0.14063897728919986,-0.03376588225364685,2.049934118986129e-05,-0.010648694820702076,-0.00701134791597724,-0.157577782869339,-0.3330655992031097,-0.09580600261688232,-0.15401121973991394,0.08554435521364212,-0.12058785557746887,0.005591049790382385,0.06604580581188202,-0.17065414786338806,-0.04366011545062065,-0.07462981343269348,0.03186878561973572,0.0330585315823555,-0.007753265555948019,0.1848020702600479,0.0161057710647583,-0.0995769202709198,-0.05585874989628792,0.061648555099964135,0.2787073850631714,0.1718895137310028,-0.037063147872686386,0.0743832141160965,-0.008227433077991009,0.09468171745538713,-0.18771907687187195,0.09485718607902527,0.0552731417119503,0.2186984419822693,0.06066721677780153,0.10102155804634094,-0.15728160738945007,-0.05125481635332108,0.046508342027664185,-0.17402423918247226,0.07674472033977509,0.02867267280817032,-0.06202064454555512,-0.1156262457370758,0.006190846674144268,0.28151169419288635,0.08538941293954849,-0.09095001220703124,-0.1056504100561142,0.23895832896232605,-0.08248402178287506,0.02382037416100502,0.0973309576511383,-0.07840118557214737,-0.08460548520088196,-0.2833684384822845,0.16999833285808566,0.3641937673091888,0.0670776441693306,-0.15283192694187164,0.0623260922729969,-0.1836664378643036,-0.04106776788830757,-0.03726822882890701,-0.03994651511311531,-0.16393063962459564,0.03130945563316345,-0.15126977860927582,0.05350697040557861,0.16926181316375732,-0.01385980099439621,-0.02790419012308121,0.14186327159404755,-0.05725425109267235,0.03014037385582924,0.01883095130324364,0.012445815838873386,-0.12446708977222445,-3.760866820812225e-05,-0.04348387569189072,-0.010971272364258766,0.12480541318655015,-0.14639441668987274,-0.017992911860346794,0.0851847305893898,-0.18583744764328008,0.137454092502594,0.02077788114547729,-0.027686458081007004,0.002855289727449417,0.04520532488822937,-0.05161333829164505,-0.048163942992687225,0.15451069176197052,-0.2576240301132202,0.14203079044818878,0.09035395085811616,0.014997854828834534,0.16213274002075195,0.07513878494501114,0.08838851004838942,-0.02602270618081093,-0.03931622952222824,-0.11096020042896272,-0.05040580406785011,0.04630384221673012,-0.02391967922449112,0.030865859240293506,0.09462932497262956
file-moved,-0.12037555128335953,0.14130915701389313,0.09047327935695648,-0.06390590965747832,0.002407356398180127,-0.05840156227350235,0.033512886613607414,-0.08033435791730881,0.18808159232139587,-0.08683714270591736,0.2655334174633026,-0.04563315957784653,-0.19140563905239105,-0.1927314400672913,0.0008394839242100716,0.11833655834197998,-0.12263716012239455,-0.17872728407382965,-0.11784127354621887,-0.1350231021642685,-0.0004351378884166479,-0.020994411781430244,-0.0014562587020918727,-0.003106492571532727,-0.14569824934005735,-0.3775318861007689,-0.04046472534537315,-0.16260553896427155,0.05609449744224548,-0.08831086754798889,-0.003182416781783104,0.05338957533240318,-0.18139879405498505,-0.041622765362262726,-0.10110299289226532,0.07153601944446564,0.05253852531313896,0.00792344193905592,0.17552363872528076,-0.011958928778767586,-0.1585187166929245,-0.0634685605764389,0.026678845286369324,0.2582649886608124,0.17985430359840393,-0.042741987854242325,0.07675069570541382,0.011053944006562231,0.08632245659828186,-0.19962139427661896,0.0747455582022667,0.07699453830718994,0.17516638338565824,0.03280249610543251,0.08310278505086899,-0.13933216035366058,-0.045001581311225884,0.02588362991809845,-0.1759452223777771,0.04147329181432724,0.055343769490718835,-0.08379603922367096,-0.12469663470983505,-2.5981571525335308e-06,0.2478193789720536,0.09561748057603836,-0.0827183723449707,-0.09408985823392868,0.22507862746715546,-0.10877310484647752,0.03659666702151298,0.06315769255161285,-0.09678561985492706,-0.07987388968467712,-0.29352182149887085,0.1278558373451233,0.4052876532077789,0.059431497007608414,-0.14078029990196228,0.02201911434531212,-0.192808210849762,-0.020384082570672042,-0.0037467137444764376,-0.0518534816801548,-0.14286528527736664,0.04439789801836014,-0.16127118468284607,0.08841961622238159,0.16466256976127625,-0.015921106562018394,-0.033798374235630035,0.11787991970777513,-0.031890243291854865,0.017800182104110718,-0.0010730158537626266,0.027256671339273453,-0.09291652590036392,0.025964457541704167,-0.06990336626768112,0.03686948865652085,0.11393796652555464,-0.1390102207660675,-0.02452968806028366,0.0502995140850544,-0.1825268119573593,0.09471364319324492,0.032270502299070365,-0.023041877895593643,-0.003914361819624901,0.059294141829013824,-0.09071072190999983,-0.07330714911222458,0.16718988120555878,-0.1883133202791214,0.1525198519229889,0.1514173299074173,0.025843149051070213,0.16284094750881195,0.07304038852453232,0.05901694297790527,-0.02069756016135216,-0.052136749029159546,-0.11949902027845385,-0.05205509439110756,0.03016629815101624,-0.011053240858018398,0.0457216277718544,0.10140956938266754
file-moved,-0.13734759390354154,0.10656324028968812,0.07909175008535385,-0.01811403408646584,0.01962368190288544,-0.07065196335315704,-0.03618358075618744,-0.11698302626609802,0.1515222191810608,-0.0686536431312561,0.1480567753314972,-0.07331669330596924,-0.15743128955364227,-0.09548994898796084,-0.01787436008453369,0.09260927885770798,-0.1116676926612854,-0.1457698941230774,-0.11563217639923094,-0.09182849526405333,0.02659542858600616,0.019914891570806503,0.05205046385526657,-0.05587221682071687,-0.1469060778617859,-0.3940360248088837,-0.10119518637657167,-0.07922899723052979,0.07836069911718369,-0.0943118780851364,-0.034247487783432014,0.013554762117564678,-0.2258118987083435,-0.0988987386226654,-0.00510939210653305,0.14316326379776,-0.0250127986073494,-0.001034899614751339,0.2000819146633148,0.03139963001012802,-0.1627689003944397,0.004525661002844572,0.05955924093723298,0.28093743324279785,0.2355441600084305,0.0633554607629776,-0.011416859924793243,-0.07183172553777695,0.06972412019968033,-0.20497338473796844,0.13638755679130554,0.12959516048431394,0.10428836196660997,0.11641009151935575,0.0699656754732132,-0.04919785261154175,0.03361276537179947,0.008412370458245277,-0.18018200993537906,0.058360062539577484,0.11222784221172333,-0.0956367403268814,-0.08243865519762039,0.03205548971891403,0.21263739466667173,0.09564612060785294,-0.08374898135662079,-0.10208440572023393,0.137032151222229,-0.16893672943115234,0.014043262228369713,0.042499624192714684,-0.06508734077215195,-0.09382031112909316,-0.3210985064506531,0.0829625278711319,0.4633200764656067,0.053437840193510056,-0.1579507142305374,0.02621244639158249,-0.08605187386274338,-0.08410201966762543,0.08298363536596297,0.08934485912322998,-0.11493831872940065,0.026764582842588425,-0.05525434017181397,0.08622453361749649,0.19005881249904635,0.004908992908895016,-0.07903281599283217,0.1352967470884323,-0.013820936903357506,0.05551548302173615,0.06594603508710861,0.09506240487098694,-0.1009831726551056,-0.03726618364453317,-0.08254138380289078,-0.04161789268255234,0.14212661981582642,-0.0923682302236557,-0.013372177258133888,0.13964033126831055,-0.15055164694786072,0.18661335110664368,0.016671035438776016,-0.027660012245178226,0.09053638577461244,0.035699740052223206,-0.05178166925907135,-0.12299751490354538,0.1287635713815689,-0.20632629096508026,0.15725940465927124,0.18374501168727875,-0.04518724977970123,0.11443905532360076,0.04674416407942772,0.11960039287805554,0.01396056357771158,0.09575413912534714,-0.12621262669563293,-0.06354360282421112,-0.024936378002166748,0.051569148898124695,0.05953320115804672,0.06779015064239502
file-moved,-0.08702731132507324,0.1614997833967209,0.04227456822991371,-0.10020320117473602,-0.030227385461330414,-0.008109426125884056,-0.000811086967587471,-0.08837538212537767,0.19943305850028992,-0.10743952542543413,0.25712284445762634,0.0011530350893735886,-0.19861450791358948,-0.17254941165447235,-0.02474129945039749,0.09360665827989577,-0.13629351556301114,-0.1691640168428421,-0.06275354325771333,-0.13824819028377533,-0.0074924142099916935,0.012710749171674252,0.008000064641237259,-0.03866582363843918,-0.14490069448947904,-0.3238612711429596,-0.1024867743253708,-0.1366022378206253,0.047324709594249725,-0.11165419965982436,0.02287937700748444,0.03982415050268173,-0.24172727763652802,-0.05848032981157302,-0.05603016167879105,0.07406850159168242,-0.007389835081994533,0.07317489385604857,0.14062342047691345,0.06452437490224837,-0.08523719012737274,-0.06628783047199249,0.02850047498941421,0.2648513615131378,0.2055169194936753,0.03402993828058243,-0.015289684757590294,0.01853136159479618,0.06450822949409485,-0.2133861929178238,0.09508046507835388,0.10016709566116333,0.18642939627170568,0.07312864065170288,0.08126689493656157,-0.1524057686328888,-0.030858853831887245,0.030114006251096725,-0.13871434330940247,0.04130435734987259,-0.022719185799360275,-0.12861275672912598,-0.12144669145345688,0.032822072505950935,0.2829904556274414,0.06661926954984665,-0.06714941561222076,-0.06983579695224762,0.2526194453239441,-0.08115638792514801,0.03427140042185784,0.08120308816432953,-0.08521168678998947,-0.07296189665794373,-0.2398945242166519,0.13149124383926392,0.3840976357460022,0.053776592016220086,-0.1476430743932724,0.03160800039768219,-0.15689240396022794,-0.026315435767173767,-0.05778827145695686,-0.044886425137519836,-0.13641417026519775,0.03689994663000107,-0.12467632442712785,0.05504516512155533,0.14508101344108582,-0.06992954015731813,-0.02985328994691372,0.15642966330051422,-0.08207342028617859,0.06907926499843597,0.06221699342131615,-0.011373171582818031,-0.08927009999752045,-0.04484235495328903,-0.0892762690782547,-0.07153970748186111,0.10012759268283844,-0.18456198275089264,-0.07243476808071136,0.07936239242553711,-0.1809811294078827,0.0986792892217636,0.02891632914543152,-0.06656451523303986,-0.036650728434324265,0.028166376054286964,-0.056183278560638435,-0.08640590310096741,0.18827733397483826,-0.22059302031993866,0.2316912412643433,0.15949863195419312,-0.06480205059051514,0.18813373148441315,0.06134572997689248,0.08234072476625443,-0.044132035225629807,-0.05688399076461793,-0.05840593203902245,-0.09561233967542647,0.016615457832813263,-0.01837281882762909,0.031098484992980964,0.042222466319799416
file-moved,-0.06655330210924149,0.13121642172336578,-0.006730213761329651,-0.08709114044904709,0.0028629295993596315,-0.019174201413989067,-0.032351352274417884,-0.03354678675532341,0.15089325606822968,-0.1105961799621582,0.234613299369812,-0.022587325423955917,-0.1995963156223297,-0.08358483761548996,-0.04686568677425385,0.03278747946023941,-0.15772642195224762,-0.12706536054611206,-0.11414660513401033,-0.0832587331533432,0.012241095304489136,0.03466086834669113,-0.03778534755110741,0.03736017271876335,-0.11239844560623168,-0.26910346746444697,-0.09136895835399628,-0.18026870489120486,0.03446116298437118,-0.12652286887168884,-0.01969638466835022,-0.027995791286230087,-0.17808648943901062,-0.06685158610343933,-0.040801342576742165,-0.002504337579011917,-0.014980899170041084,-0.0147213377058506,0.2149887979030609,0.03643587976694107,-0.15657004714012146,0.059081651270389564,0.012563800439238548,0.31854110956192017,0.18402922153472887,0.023267390206456184,-0.023800350725650787,-0.02898305654525757,0.15583980083465576,-0.18052062392234802,0.10639438033103944,0.1637611985206604,0.2276836484670639,0.06798423826694489,0.0587226152420044,-0.17382928729057312,0.006733108311891557,0.047454603016376495,-0.1692935973405838,0.06709171831607819,-0.013391940854489805,-0.10754677653312683,-0.01495087519288063,-0.0010221934644505384,0.1975291222333908,0.058303005993366235,-0.0856589525938034,-0.101602703332901,0.21680158376693728,-0.12389130890369415,0.009523115120828152,0.10419782996177672,-0.10783778131008148,-0.16800729930400848,-0.194725900888443,0.11765073239803316,0.3828051686286926,0.14770789444446564,-0.16329799592494965,0.09653778374195099,-0.1526603400707245,-0.07732696086168289,0.004383559338748455,0.06853734701871872,-0.1024438738822937,0.04029278457164765,-0.0805845856666565,0.06335147470235825,0.18543337285518646,-0.042190894484519965,-0.08284106850624083,0.1420471966266632,-0.03350988030433655,0.009022268466651441,0.08700384944677353,-0.022124363109469414,-0.11213946342468263,-0.034516092389822006,-0.08178450912237167,0.01222623698413372,0.056691106408834464,-0.1697324812412262,-0.08134625852108003,0.0434052124619484,-0.1807977706193924,0.14699161052703855,0.046194981783628464,-0.06772954016923904,-0.06118561327457427,0.03370172530412674,-0.03674386441707611,-0.014413722790777685,0.17952129244804382,-0.2510004639625549,0.2559633255004883,0.1096947118639946,0.05148737132549287,0.21049335598945607,0.07228894531726837,0.04367149993777275,-0.004659691825509071,-0.052592266350984566,-0.1432822197675705,-0.1423376500606537,0.05043643712997437,0.04740339517593384,0.13871721923351288,0.037307754158973694
file-moved,-0.11765606701374055,0.1391768753528595,0.06639355421066284,-0.08944876492023468,-0.02172824926674366,-0.04478725790977478,-0.02541634440422058,0.011256602592766285,0.2332633733749389,-0.06429795175790788,0.21726565062999725,0.04108298942446709,-0.1414135843515396,-0.11083585023880003,0.038709022104740136,0.09549029916524887,-0.13276077806949615,-0.07919391989707948,-0.10809804499149324,-0.07359837740659714,0.008315620943903923,0.04480378329753877,0.04587293788790703,0.0239639263600111,-0.04548095911741257,-0.4053471982479096,-0.09583842009305954,-0.11610689759254456,-0.0008935285732150078,-0.14243166148662567,-0.005185441114008428,0.04166441038250923,-0.16059190034866333,-0.11814939975738525,-0.05267991125583649,0.09065017104148863,-0.05916344374418259,-0.05342191457748413,0.16952329874038696,0.048726752400398254,-0.0974683240056038,-0.015257847495377062,0.023991132155060768,0.3023728728294373,0.22388015687465668,0.0771116092801094,-0.0011440087109804151,-0.01280682347714901,0.05877678468823432,-0.21309614181518555,0.09539563953876497,0.12108346074819565,0.10165505856275556,0.10026252269744873,0.08166481554508209,-0.13726669549942014,0.04584284871816635,0.025360198691487312,-0.20514343678951266,-0.0014449653681367636,0.0057107615284621716,-0.09464091807603836,-0.07031206041574478,-0.011154522188007832,0.2736967802047729,0.1629132479429245,-0.0521438755095005,-0.09305111318826677,0.12507367134094238,-0.12710724771022794,-0.017042648047208786,0.021252438426017758,-0.12919344007968905,-0.16482584178447726,-0.20064665377140045,0.10839381814002992,0.2986791729927063,0.1772885024547577,-0.17349481582641602,0.0274219922721386,-0.16375641524791718,-0.03287549316883087,0.04024219140410423,0.02767901867628097,-0.08808710426092148,0.00027684587985277176,-0.09420780092477796,0.019281072542071342,0.12846533954143524,-0.00469831470400095,-0.06800078600645065,0.1916979104280472,0.011692846193909643,0.008403887040913105,0.05240379646420479,-0.056668795645236976,-0.06345254182815553,0.03290686011314392,-0.16068318486213684,-0.04958806931972504,0.08833528310060501,-0.1121060848236084,-0.04042288288474083,0.04455144703388213,-0.21820196509361267,0.1142840012907982,0.05671360716223716,-0.038325995206832886,0.033848896622657776,0.020378362387418747,-0.1239284798502922,-0.10222020000219344,0.18300612270832065,-0.21044713258743286,0.21843019127845764,0.19637617468833926,0.014844223856925963,0.2422752231359481,0.08887122571468352,0.14657944440841675,-0.01927623152732849,-0.04399339109659195,-0.09265992045402527,-0.009288592264056206,0.05504778772592545,0.1049463152885437,0.0704815611243248,0.07235630601644516
file-moved,-0.13208992779254913,0.15120506286621094,0.05132194608449936,-0.03980151191353798,-0.04487377032637596,-0.047545958310365684,0.044084735214710236,-0.09243033081293106,0.1894337087869644,-0.07105209678411484,0.26697400212287903,0.029590364545583725,-0.17981846630573273,-0.0988371968269348,0.03447230532765388,0.06643229722976685,-0.1654251515865326,-0.14863455295562744,-0.06478656083345412,-0.1421077847480774,-0.04093758389353752,-0.032049335539340966,0.005624636076390743,0.025077156722545624,-0.11854857206344604,-0.24007585644721985,-0.10903406143188477,-0.13258929550647736,0.03442319482564926,-0.13859063386917114,0.1125040277838707,0.030442705377936363,-0.1774575561285019,-0.04525778442621231,-0.08465626090765,0.02983374521136284,0.013584299944341184,0.004502774216234684,0.1840858608484268,-0.046990767121315,-0.1331404447555542,-0.024293515831232067,0.02181943878531456,0.2645426988601685,0.15830765664577484,0.0179886557161808,-0.023350268602371216,0.010618815198540688,0.058166306465864175,-0.1811797022819519,0.08287149667739868,0.1027919054031372,0.11094456166028976,0.03363358974456787,0.020510084927082062,-0.15087313950061798,-0.032145194709300995,0.025660917162895203,-0.13037389516830444,0.015446683391928671,0.03577319160103798,-0.11384350061416625,-0.07711963355541229,-0.023558305576443672,0.26825132966041565,0.10543568432331084,-0.07280544191598892,-0.08657009154558183,0.2541984915733337,-0.10131681710481644,-0.06965122371912003,0.08303441852331161,-0.0930180624127388,-0.10333839058876038,-0.2375853061676025,0.13428935408592224,0.3956612348556519,0.07179349660873413,-0.11828313022851945,0.05785106122493744,-0.16349077224731445,-0.02270211651921273,-0.10396196693181993,0.024070270359516144,-0.14746463298797607,0.039674945175647736,-0.1133207306265831,0.054115667939186096,0.16956308484077454,0.026327993720769882,-0.07581934332847595,0.16001658141613007,-0.022139018401503563,0.02088262140750885,0.06884513795375824,-0.005741243250668049,-0.022016070783138275,-0.03832627832889557,-0.1278468519449234,-0.04219336062669754,0.11668440699577333,-0.13997143507003784,-0.05750744789838792,0.10779691487550737,-0.20988081395626068,0.18069423735141754,0.04559976607561112,-0.03141351044178009,-0.033126521855592735,0.09106273204088212,-0.04023769497871399,0.0004277266561985016,0.20661970973014832,-0.2358401417732239,0.24011151492595675,0.12880367040634155,0.03447092697024345,0.1727522909641266,0.05415768548846245,0.09729848802089693,-0.04891110956668854,-0.0499982200562954,-0.12819437682628632,-0.09351846575737,0.035348374396562576,-0.03853357583284378,0.10085894167423247,0.12869547307491302
file-moved,-0.09418249875307083,0.16144491732120514,0.033297207206487656,-0.08646600693464279,-0.04755837842822075,-0.01561708841472864,0.02077184058725834,-0.09843704849481584,0.2075911909341812,-0.12515239417552948,0.275424063205719,0.003451009746640921,-0.1897125542163849,-0.13040152192115784,0.016045911237597466,0.10945771634578703,-0.16014933586120605,-0.17486080527305606,-0.07640288770198822,-0.14846788346767426,-0.029780214652419087,-0.04360220581293106,0.03621933609247208,-0.0014612465165555475,-0.1280769407749176,-0.3075612783432007,-0.11761126667261125,-0.12422526627779007,0.02469383366405964,-0.12169496715068814,0.11382938921451567,0.033655792474746704,-0.16786764562129974,-0.0053657591342926025,-0.09279382228851316,0.04043727368116379,-0.020477650687098503,0.005119515582919121,0.19184502959251404,-0.010065589100122452,-0.13899192214012146,-0.00972101651132107,0.011101865209639072,0.2680298388004303,0.15525442361831665,0.00917786080390215,0.013250365853309631,-0.009544684551656244,0.054775528609752655,-0.17213913798332214,0.07816090434789658,0.11142414063215256,0.12212612479925156,0.034530606120824814,0.06971847265958786,-0.0949266105890274,0.00164894200861454,0.0388055145740509,-0.13718953728675842,-0.005588569678366184,0.04259470850229263,-0.10591629892587663,-0.08355800807476044,-0.021193496882915497,0.2979064583778381,0.10807270556688307,-0.08970945328474045,-0.07501980662345886,0.2542080283164978,-0.07990658283233643,-0.06653387099504471,0.05476231500506401,-0.09000943601131439,-0.09406513720750807,-0.2546058297157288,0.11803675442934035,0.42658731341362,0.08252467215061188,-0.12691928446292874,0.06299316138029099,-0.15350452065467834,-0.02316012606024741,-0.0677703469991684,0.03276098147034645,-0.17526829242706302,0.027683038264513016,-0.12703588604927066,0.048412084579467766,0.14992032945156095,-0.010147625580430027,-0.07637214660644531,0.15573853254318235,-0.015577241778373718,0.047531891614198685,0.061046075075864785,-0.008449810557067394,-0.0603364035487175,-0.02659822627902031,-0.11145909130573273,-0.041354700922966,0.095191590487957,-0.1495257318019867,-0.06971027702093124,0.07729931175708771,-0.19011628627777105,0.1850955784320832,0.04250522330403328,-0.04172876849770546,-0.03306322917342186,0.11843567341566084,-0.04534320905804634,-0.02879337593913078,0.17011259496212006,-0.2566198408603668,0.1950896829366684,0.1434427797794342,0.025579946115612984,0.1827155500650406,0.09740903228521347,0.11087535321712494,-0.059151217341423035,-0.0491882860660553,-0.12443190813064575,-0.09928293526172638,0.017398495227098458,-0.0035285307094454765,0.09167952835559844,0.1271284818649292
file-moved,-0.11007624864578247,0.16639955341815948,0.0610356330871582,-0.061559855937957764,-0.02399412356317044,-0.07314211875200273,0.041990336030721664,-0.10026193410158156,0.18834227323532104,-0.1165888085961342,0.2595371603965759,-0.021117530763149255,-0.1744522750377655,-0.1062672808766365,0.036003075540065765,0.09902267158031464,-0.15352563560009005,-0.1951828449964524,-0.05442136153578758,-0.14825716614723206,-0.03134145587682724,-0.03422367200255394,0.014411859214305878,0.04623178765177727,-0.11756362020969392,-0.2910207509994507,-0.1210424154996872,-0.15033678710460666,0.021625414490699768,-0.11160091310739516,0.10159283876419067,0.032780736684799194,-0.182935431599617,-0.022477585822343826,-0.09078462421894072,0.030420886352658275,0.019451029598712918,-0.0013819811865687368,0.1978806108236313,-0.020915370434522632,-0.1498883068561554,-0.0014093583449721336,0.002166975289583205,0.283900648355484,0.1443329155445099,-0.009922907687723637,-0.005636218935251236,-0.019651779904961586,0.0526755228638649,-0.14257735013961792,0.08505615592002869,0.09618574380874634,0.09826111048460008,0.02334350161254406,0.04224356263875961,-0.12847718596458435,-0.0012778565287590027,0.021789483726024628,-0.1516244262456894,0.023298624902963642,0.0454498752951622,-0.12589283287525174,-0.07466178387403488,-0.033109892159700394,0.2893860340118408,0.08644460141658783,-0.07769830524921417,-0.07885360717773438,0.24389585852622986,-0.0971575677394867,-0.04879656061530113,0.07913868129253387,-0.09759839624166487,-0.08257749676704408,-0.2662367820739746,0.13512849807739258,0.4137334525585175,0.05436062812805177,-0.13727448880672455,0.07071366161108017,-0.14737479388713834,-0.014676233753561975,-0.04781612753868103,0.04608093574643135,-0.16472676396369934,0.0302934180945158,-0.13054925203323364,0.056436646729707725,0.16014355421066284,0.02614246122539044,-0.094808928668499,0.14521858096122742,-0.054647039622068405,0.03905642777681352,0.0788934975862503,-0.001618525362573564,-0.05612897872924805,-0.04143042117357254,-0.1205659806728363,-0.027966029942035675,0.0957496538758278,-0.16189545392990112,-0.10489100962877274,0.0967993214726448,-0.2087893038988113,0.1421389877796173,0.040229853242635734,-0.05069272965192795,-0.04985697194933891,0.12160439044237135,-0.06789138168096542,-0.0244832281023264,0.18621131777763367,-0.2396261841058731,0.2114112824201584,0.13587406277656555,0.032172486186027534,0.17570123076438904,0.07451192289590836,0.09294573962688446,-0.07995086908340454,-0.05890624225139617,-0.14579351246356964,-0.07023313641548158,0.06361427903175354,-0.004934721626341343,0.11866563558578493,0.1189139485359192
file-moved,-0.14247329533100128,0.18561029434204104,0.09104295074939728,-0.02018166892230511,-0.007466534618288278,-0.011909817345440388,0.037289034575223916,-0.0612063929438591,0.20514167845249176,-0.09767676144838333,0.3075772523880005,0.02008701115846634,-0.22043348848819733,-0.11906814575195312,0.02328406274318695,0.10486339032649994,-0.12682577967643738,-0.1355006843805313,-0.040302600711584084,-0.1253291219472885,-0.003210975788533688,-0.0020421885419636965,0.00018863845616579056,0.010481571778655052,-0.15620267391204834,-0.28609928488731384,-0.09433415532112124,-0.16784065961837769,-0.00687098503112793,-0.1462649405002594,0.042662687599658966,0.018985630944371223,-0.14602415263652802,-0.04176793992519379,-0.07782205194234848,0.02813272178173065,0.009697428904473782,0.02101331576704979,0.19553357362747192,-0.029693061485886574,-0.12310738861560824,-0.022185545414686203,0.06374965608119965,0.2765546441078186,0.13160185515880585,0.009169640019536018,-0.000897679477930069,-0.039506353437900536,0.061944406479597085,-0.1708059310913086,0.10569888353347777,0.09405023604631424,0.1273975968360901,0.09407921135425568,0.06760245561599731,-0.1464516669511795,-0.04049752652645111,0.031259000301361084,-0.15418975055217746,0.02755336463451385,0.010675635188817978,-0.08041230589151382,-0.1016390472650528,-0.017551826313138008,0.25789183378219604,0.11430563032627104,-0.07177197188138963,-0.0795603096485138,0.2392132580280304,-0.08894429355859756,-0.06765435636043549,0.09160204976797104,-0.11203335225582124,-0.12188901007175446,-0.24180808663368225,0.1434481143951416,0.3731447458267212,0.09618134796619417,-0.1233440488576889,0.07145631313323975,-0.14006924629211426,-0.0514528863132,-0.05656406283378601,0.03626496344804764,-0.10460970550775528,0.01804709620773793,-0.0543288104236126,0.08676258474588394,0.14762188494205475,0.006341647356748581,-0.050114966928958886,0.14382202923297882,-0.018675735220313072,0.03062653914093972,0.04560713097453117,0.006202136632055044,-0.03726654872298242,-0.02119545824825764,-0.12269414961338045,-0.04120705276727677,0.09037215262651443,-0.1227312758564949,-0.043728284537792206,0.07472994178533554,-0.2449891269207001,0.13695366680622098,0.07689107209444046,-0.055199220776557915,0.001589091494679451,0.11133737862110138,-0.03883400559425354,-0.003401963505893945,0.17324645817279816,-0.26673999428749084,0.2549040615558624,0.12341412901878356,0.0004323450848460197,0.17653925716876984,0.04377466067671777,0.09845688939094543,-0.025252033025026318,-0.07447442412376404,-0.13039010763168335,-0.08002070337533951,0.0640706717967987,-0.008232471533119678,0.08489706367254257,0.09362610429525377
file-moved,-0.1558365672826767,0.20206502079963684,0.06459161639213562,-0.01803557015955448,-0.04643674939870834,-0.03703096136450768,0.007187800481915473,-0.08204632997512817,0.20696499943733213,-0.08729968219995499,0.30606088042259216,-0.0053362706676125535,-0.2097178399562836,-0.08019555360078813,0.03313029184937477,0.06794004887342453,-0.1758347600698471,-0.09685087203979492,-0.06420876085758209,-0.13741247355937958,-0.06095609068870544,-0.005862782709300518,0.034194204956293106,0.004425293765962124,-0.10598151385784148,-0.29565638303756714,-0.08453911542892456,-0.18641997873783112,0.0618116706609726,-0.10367714613676073,0.016845937818288803,0.008368132635951042,-0.1586025208234787,-0.08891270309686661,-0.05383443087339401,0.046323273330926895,0.008639032952487469,0.03463217616081238,0.1959610879421234,-0.0346895307302475,-0.09936613589525224,-0.006512471474707128,0.02131489664316177,0.2904482185840607,0.14067471027374268,0.04111472889780998,-0.01452378183603287,-0.03991479426622392,0.0922655388712883,-0.172774076461792,0.0931374728679657,0.1222175359725952,0.15761101245880127,0.0344691127538681,0.06953518837690352,-0.16100867092609406,-0.04516834765672684,0.019511878490448,-0.11486389487981795,0.04524105042219162,0.06195065379142761,-0.07008775323629379,-0.09748125821352004,-0.05118988081812858,0.2844008505344391,0.09684991091489792,-0.08950459212064743,-0.053359705954790115,0.21351192891597748,-0.06209256500005723,-0.041389532387256615,0.08385796844959259,-0.11723420768976213,-0.12247871607542038,-0.22342772781848907,0.14600180089473724,0.4122749269008637,0.08483321964740753,-0.13225384056568146,0.03198342025279999,-0.1703260987997055,-0.05643026158213616,-0.07686536759138107,0.05011297762393952,-0.1288864016532898,-0.0071145985275506965,-0.07890263199806212,0.057216010987758636,0.14092184603214264,-0.03360224515199661,-0.03826067969202995,0.13601773977279666,-0.036144182085990906,0.05404183641076088,0.016124248504638672,-0.01099735964089632,-0.08794399350881578,-0.04841835796833038,-0.11549804359674455,-0.047060299664735794,0.11126970499753952,-0.15903355181217196,-0.06326882541179657,0.07448326051235199,-0.2525775730609894,0.11491411924362185,0.05469251796603203,-0.05694882571697235,0.025616765022277832,0.08949282765388489,-0.014152404852211475,-0.024114424362778664,0.2081171423196793,-0.2540946900844574,0.2593928873538971,0.14997902512550354,0.0042306073009967795,0.1953319013118744,0.04287441819906235,0.09217451512813568,-0.02581139653921128,-0.009451474994421005,-0.116708904504776,-0.12761731445789334,0.01841988041996956,-0.007799141108989716,0.04795272648334503,0.08022148907184601
file-moved,-0.14172224700450894,0.21404339373111725,0.07340764999389647,-0.006937047000974418,-0.026108624413609505,-0.018529327586293217,0.004169663414359093,-0.061269912868738174,0.2029981017112732,-0.09780006855726242,0.2796461284160614,-0.010170076042413713,-0.22397156059741974,-0.10227567702531816,0.011723353527486323,0.10099565237760544,-0.14470815658569336,-0.12442104518413545,-0.05795649066567421,-0.13097600638866425,-0.037996985018253326,-0.005209563300013542,0.02525737881660461,0.01294760499149561,-0.13407480716705322,-0.3064523935317993,-0.07318352162837982,-0.17481082677841187,0.017537524923682213,-0.11307645589113235,-0.009798502549529077,0.009895219467580318,-0.14441445469856262,-0.05947175994515419,-0.05710561573505401,0.059018474072217934,0.016773905605077744,0.020829657092690468,0.19343894720077515,-0.0418994314968586,-0.10508201271295547,0.007519913837313651,0.06489410251379013,0.2860451936721802,0.14266930520534515,0.03394801542162895,-0.004001699388027189,-0.04829932376742363,0.10176287591457367,-0.1705087572336197,0.11772608011960985,0.10015040636062622,0.12457888573408127,0.0620771199464798,0.08553619682788849,-0.17978693544864655,-0.032141894102096565,0.0285990945994854,-0.15233966708183289,0.02498062327504158,0.032319072633981705,-0.0745704174041748,-0.12681466341018674,-0.04675346612930298,0.2519010603427887,0.11407481878995895,-0.07959809899330139,-0.08375749737024307,0.21789796650409696,-0.09669768810272217,-0.02298991195857525,0.0782179906964302,-0.09307533502578737,-0.11592265963554382,-0.23748913407325745,0.14674444496631622,0.410654217004776,0.11403118073940274,-0.1150696948170662,0.08340431749820709,-0.1211196631193161,-0.07487396895885468,-0.0563865564763546,0.05408419296145439,-0.11801999062299727,0.0034404974430799484,-0.07880397886037828,0.07383222877979279,0.119039349257946,0.00011879019439220427,-0.0326085090637207,0.12187007069587708,-0.02178819850087166,0.0421355739235878,0.030690114945173264,0.002788127865642309,-0.10079264640808104,-0.017222236841917038,-0.11662915349006653,-0.02523496001958847,0.08465705066919328,-0.15804651379585266,-0.06634334474802017,0.036294952034950256,-0.25042447447776794,0.12299469113349915,0.0635720044374466,-0.05647251382470131,0.006820007227361202,0.09191350638866423,-0.02622456289827824,0.002692702692002058,0.17939195036888125,-0.2893214523792267,0.234763652086258,0.1231936812400818,0.01101404894143343,0.21827387809753407,0.054846681654453285,0.10617805272340776,-0.003763822838664055,-0.03416164591908455,-0.1433943510055542,-0.11887123435735705,0.02771278098225594,-0.01591026969254017,0.0737856924533844,0.1099935919046402
file-moved,-0.12126899510622025,0.17899353802204132,0.06365641951560974,-0.05089807137846947,-0.03051730804145336,0.002325676381587982,0.0477353036403656,-0.0740308091044426,0.2120267152786255,-0.09131484478712082,0.3108431696891785,0.02705075591802597,-0.20557118952274325,-0.12632985413074493,0.0379791259765625,0.06730133295059204,-0.1427638977766037,-0.12264298647642136,-0.03429357334971428,-0.12046286463737488,-0.053269922733306885,-0.030947843566536907,0.01228884980082512,0.012488657608628271,-0.14212243258953094,-0.2727043628692627,-0.09676513075828552,-0.17223180830478668,0.02885918319225312,-0.14198613166809082,0.010806139558553696,0.024248003959655758,-0.1625746190547943,-0.0502583421766758,-0.06239897757768631,0.03071488998830318,-0.0034838400315493345,0.010278928093612194,0.19178429245948792,-0.0420200452208519,-0.087259441614151,-0.01609087735414505,0.06841893494129181,0.267305850982666,0.14587293565273285,0.011669155210256577,0.0009166225790977477,-0.03898385539650917,0.08994872868061066,-0.17122165858745575,0.13377003371715546,0.09798557311296464,0.12357140332460405,0.06853706389665604,0.07460226863622665,-0.16430146992206573,-0.05041961371898651,0.0290070865303278,-0.1348588466644287,0.049373503774404526,0.028372488915920258,-0.055845648050308234,-0.12388676404953004,-0.029073441401124,0.2772400677204132,0.13378512859344482,-0.08867459744215013,-0.09177815169095993,0.22120052576065066,-0.08797576278448105,-0.046929918229579926,0.0878414511680603,-0.12021827697753905,-0.1159396395087242,-0.2106155753135681,0.16979223489761353,0.3791967034339905,0.1148119643330574,-0.118115596473217,0.06172150373458862,-0.16117173433303833,-0.05881735682487488,-0.05718342959880829,0.04343251511454582,-0.11275797337293625,0.002158407121896744,-0.06510458141565323,0.08205678313970566,0.1459444761276245,0.002637626603245735,-0.04661466181278229,0.13978850841522214,-0.03288506716489792,0.028132190927863118,0.02343352511525154,-0.005038463044911623,-0.06426112353801727,-0.02515014074742794,-0.12275207787752153,-0.04556984081864357,0.1003790944814682,-0.1373034417629242,-0.0535464808344841,0.09712187945842744,-0.24930186569690704,0.12119585275650024,0.060269288718700416,-0.05863223969936372,0.017531991004943848,0.07530694454908371,-0.02205894887447357,-0.011328786611557009,0.15690165758132935,-0.292245477437973,0.2605811357498169,0.10139023512601852,0.016696836799383163,0.17871002852916718,0.03806120902299881,0.09675920754671097,0.0046656327322125435,-0.0555892139673233,-0.10869594663381577,-0.08636561781167984,0.0395277664065361,-0.006996514275670053,0.07419455051422119,0.078677698969841
file-moved,-0.16703370213508606,0.16752704977989194,0.035816319286823266,-0.04735321551561356,-0.040650725364685066,-0.026872755959630013,0.04294012859463692,-0.11349806934595108,0.2397248297929764,-0.0858374685049057,0.2760017514228821,0.021597392857074738,-0.1907077729701996,-0.14181236922740936,-0.030342530459165577,0.10818717628717422,-0.14570215344429016,-0.17577581107616425,-0.0618617981672287,-0.1456618309020996,-0.06803648173809053,-0.04881859570741653,-0.018590150400996208,0.02871464565396309,-0.1181418001651764,-0.2872527241706848,-0.04682160541415215,-0.16329357028007507,0.005767191760241985,-0.10636933892965317,0.04759541898965836,0.09098894894123076,-0.17556042969226834,-0.07707032561302185,-0.028719672933220863,0.05543353408575058,0.042403463274240494,0.058129489421844475,0.1987800896167755,-0.014004015363752842,-0.10558424144983293,-0.007341676391661167,0.02410890534520149,0.2916804850101471,0.15950042009353638,0.016253283247351646,-0.021976063027977943,-0.043345123529434204,0.13657498359680176,-0.20614705979824066,0.05617465823888779,0.11656901240348815,0.13089485466480255,0.03205887973308563,0.03410085290670395,-0.1625668853521347,-0.02982984110713005,0.020650412887334824,-0.1768253594636917,0.06083013862371445,0.02053117007017136,-0.13943877816200256,-0.1468721181154251,-0.02811986021697521,0.2528023421764374,0.1410706341266632,-0.08021602779626846,-0.08593162149190903,0.28560957312583923,-0.08818802237510681,-0.019445989280939102,0.06022395193576813,-0.09043993800878523,-0.12784229218959808,-0.2093032002449036,0.14384646713733673,0.4191210567951201,0.12124662846326828,-0.15289995074272156,0.03239457681775093,-0.1609065979719162,-0.012197302654385568,-0.06594301760196686,0.020538970828056332,-0.13959231972694394,-0.023124834522604942,-0.06807969510555267,0.017680784687399864,0.15751129388809204,0.04906941205263138,-0.06778581440448761,0.17330516874790192,-0.0363893024623394,0.044901430606842034,0.0397116094827652,-0.005079222843050957,-0.06016236543655396,-0.02448299340903759,-0.1336139440536499,-0.058230731636285775,0.08963184803724289,-0.1512765735387802,-0.008113501593470573,0.08184296637773514,-0.2259197384119033,0.12392695993185045,0.015025205910205841,-0.0012472281232476234,0.005103308707475661,0.10529696196317673,-0.003918888978660107,-0.019877685233950608,0.1803189218044281,-0.2313627153635025,0.2860196828842163,0.13673052191734314,0.033905357122421265,0.1918548196554184,0.05563968420028687,0.0700480192899704,0.001554739661514759,-0.05231974273920058,-0.08841507136821747,-0.1195600852370262,0.029562909156084064,-0.037324994802474976,0.06539009511470795,0.08660287410020827
file-moved,-0.1431274563074112,0.13209931552410126,0.08454404026269913,-0.04585148394107818,-0.06815046072006226,-0.023660775274038315,0.02261698991060257,-0.09146210551261902,0.18880005180835724,-0.10493798553943634,0.30098098516464233,-0.0021369531750679016,-0.2252634167671204,-0.09869423508644104,0.013200052082538605,0.11618934571743013,-0.1200893223285675,-0.13697358965873718,-0.04907209426164627,-0.16108056902885434,-0.06711964309215546,-0.0263815987855196,0.0052330316975712785,0.01236575748771429,-0.14923393726348874,-0.30213800072669983,-0.10702549666166307,-0.1670949161052704,-0.016695836558938026,-0.08049827814102173,0.04853859543800354,0.05323149263858795,-0.15497390925884247,-0.04556190222501755,-0.05470303446054458,0.03669886291027069,0.004597111139446497,0.018384883180260655,0.17348480224609375,-0.0210715364664793,-0.09972423315048218,-0.0463624969124794,0.06857123970985413,0.2711833715438843,0.14997239410877228,0.042638886719942086,0.04394116625189781,-0.05282297730445862,0.07229706645011902,-0.18356235325336456,0.10130347311496736,0.07759672403335571,0.11879641562700273,0.06142101064324379,0.06795178353786469,-0.1571410894393921,-0.014775561168789862,0.0397581048309803,-0.15182740986347198,0.0384930819272995,0.03844086080789566,-0.08075778186321259,-0.11798540502786635,-0.0269758589565754,0.3164291679859161,0.14604996144771576,-0.07461903989315033,-0.08412960171699524,0.289172887802124,-0.08410688489675522,-0.06139009818434715,0.06927838176488876,-0.11968965828418733,-0.10983783006668092,-0.2381059974431992,0.13261017203330994,0.4050394594669342,0.07994990795850754,-0.12030598521232605,0.03551539033651352,-0.1503295749425888,-0.03432177007198334,-0.047161079943180084,0.0241200402379036,-0.10171842575073242,-0.04661460220813751,-0.07940344512462616,0.06181048601865768,0.18203632533550265,-0.02820438705384732,-0.022263098508119583,0.13508781790733335,-0.01777900941669941,0.001331409439444542,0.03161422535777092,0.03708436340093613,-0.085276298224926,0.017006099224090576,-0.10791557282209396,-0.03297249600291252,0.11257895827293396,-0.11677347868680955,-0.0207341481000185,0.06818652153015138,-0.2475546449422837,0.1501632034778595,0.02909895777702332,-0.06406360864639282,-0.006888038478791714,0.048763927072286606,-0.017458591610193253,0.00392497843131423,0.18860264122486115,-0.2565399706363678,0.2482776194810868,0.12091688811779022,0.0021779360249638557,0.1966233551502228,0.023634424433112144,0.1037428006529808,-0.027996517717838287,-0.07673473656177521,-0.14242136478424072,-0.09790172427892684,0.028234101831912994,-0.03657987341284752,0.049687400460243225,0.11389146000146864
file-moved,-0.14060182869434354,0.1824229210615158,0.06284331530332565,-0.03899009898304938,-0.034788455814123154,-0.009668632410466673,0.024844376370310783,-0.06794723123311996,0.21571646630764008,-0.07618344575166702,0.25009679794311523,0.04342026636004448,-0.193267285823822,-0.11093217134475708,0.05593690276145935,0.07327699661254883,-0.15226741135120392,-0.1533036082983017,-0.04457966983318329,-0.13981102406978607,-0.045254405587911606,-0.007407102268189192,-0.010260009206831457,0.007341340184211731,-0.14276808500289914,-0.2957876920700073,-0.08585819602012634,-0.15388283133506775,0.03301218897104263,-0.10346848517656326,0.061756722629070275,0.04182767868041992,-0.175611674785614,-0.048904959112405784,-0.040413938462734215,0.06316683441400528,-0.0007378866430372,0.019859649240970608,0.15177196264266968,-0.0637390986084938,-0.09498915821313858,-0.026265282183885567,0.051585987210273736,0.2505318224430084,0.12846210598945618,0.029301779344677925,0.03071574121713638,-0.041321627795696265,0.09031213074922564,-0.1649077534675598,0.08924093842506409,0.09063278138637544,0.13717032968997955,0.0584024153649807,0.07357045263051988,-0.194331169128418,-0.04498302191495896,0.02350475639104843,-0.13663791120052338,0.05134094506502152,0.00010668113827705385,-0.08049261569976808,-0.1263132393360138,-0.042329028248786926,0.2650287449359894,0.11090555042028427,-0.07049835473299026,-0.10401052236557007,0.2694510519504547,-0.08695905655622482,-0.0496637374162674,0.08466523885726929,-0.0847577452659607,-0.12154480069875714,-0.21009677648544312,0.12686093151569364,0.3765673637390137,0.08960497379302979,-0.12958379089832306,0.07681223005056381,-0.13464902341365814,-0.03402980417013168,-0.10062236338853836,0.03739079087972641,-0.14918653666973114,0.029357409104704857,-0.07449613511562347,0.07887902110815047,0.1777036190032959,0.01227084547281265,-0.03509402647614479,0.13295716047286987,-0.01974982023239136,0.05156497657299042,0.0322575718164444,-0.020728256553411484,-0.05135064572095871,-0.014280525036156178,-0.12696543335914612,-0.05202856659889221,0.11392434686422348,-0.13605941832065582,-0.04703932628035545,0.08749673515558243,-0.23329973220825195,0.15993934869766235,0.05543239414691925,-0.03441263735294342,-0.007683148607611656,0.09759265929460527,-0.028429362922906883,0.0037929317913949494,0.19326068460941315,-0.2681236565113068,0.2619179785251617,0.13020028173923492,0.008766701444983479,0.20480374991893768,0.03619428724050522,0.09542351216077803,-0.002718947827816009,-0.06565184146165848,-0.14602255821228027,-0.09765610843896866,0.0407242514193058,-0.040849629789590836,0.04690507799386978,0.10867460072040558
file-moved,-0.12595324218273166,0.16099801659584045,0.08325935900211334,-0.029321804642677307,-0.023717073723673817,-0.0574980303645134,-0.00023740530014038086,-0.05639234185218811,0.1557573676109314,-0.05498877540230751,0.2867458164691925,0.036884471774101264,-0.228315070271492,-0.08751217275857925,0.05133993178606033,0.071897491812706,-0.1224525272846222,-0.11798258125782013,-0.042128488421440125,-0.16275835037231445,-0.02190452069044113,0.006798029877245426,-0.023971911519765854,0.013513900339603424,-0.14399047195911407,-0.2564263641834259,-0.09468085318803787,-0.16808974742889404,0.004197446629405022,-0.14351899921894073,0.044063061475753784,0.02052163332700729,-0.1349797397851944,-0.052737578749656684,-0.0410052016377449,0.04249408096075058,0.022649845108389854,0.011294420808553696,0.16336587071418762,-0.0012072427198290825,-0.10434770584106444,-0.04071483016014098,0.07339455187320709,0.3005964159965515,0.15941524505615234,0.025492893531918533,0.04220302030444145,-0.019039470702409744,0.10403221100568773,-0.1652067005634308,0.11990642547607422,0.07178300619125366,0.1880783438682556,0.08944154530763626,0.06394001841545105,-0.20755718648433685,-0.03924380987882613,0.047461383044719696,-0.16412760317325592,0.05281500890851022,0.02966330200433731,-0.053310345858335495,-0.09940430521965027,-0.02220065332949161,0.28048187494277954,0.11995716392993927,-0.08864988386631012,-0.08900325000286102,0.24645060300827026,-0.10199834406375884,-0.083668053150177,0.10094603151082993,-0.12896506488323212,-0.1148364245891571,-0.2208072543144226,0.12815721333026886,0.3658060729503632,0.08281273394823074,-0.1454683393239975,0.04194217175245285,-0.14338141679763794,-0.04707947745919228,-0.06489931792020798,0.031131509691476825,-0.09652505815029144,0.035412516444921494,-0.059851668775081635,0.05750709772109985,0.19103829562664032,-0.00041244737803936005,-0.04698552191257477,0.12660209834575653,-0.008721392601728441,0.032522499561309814,0.04288887977600098,0.0025333981029689308,-0.05629025027155876,-0.0205363892018795,-0.11691635102033615,-0.05994769558310509,0.0465894490480423,-0.1426580250263214,-0.046334784477949136,0.0657702311873436,-0.2559367120265961,0.1798681914806366,0.08377982676029205,-0.0335356630384922,-0.046595584601163864,0.08681783080101013,-0.017555065453052517,0.008592134341597557,0.1935619413852692,-0.27332642674446106,0.2501302957534789,0.14466696977615354,0.031793262809515,0.17922982573509216,0.0011688228696584706,0.08050277084112167,-0.007716493681073189,-0.07956741005182266,-0.13194410502910614,-0.0859343409538269,0.02338589355349541,-0.03265412151813507,0.0563429594039917,0.09967806935310364
file-moved,-0.12490113824605945,0.17249980568885806,0.0707949623465538,-0.044366829097270966,-0.028462152928113937,-0.04309652745723725,0.012559463270008564,-0.07667864114046098,0.17485001683235168,-0.08536643534898758,0.2953406870365143,0.002306676469743252,-0.251145601272583,-0.10526075214147568,0.02301969937980175,0.07158731669187546,-0.173908993601799,-0.13395512104034424,-0.03794002532958984,-0.1772563010454178,-0.027838511392474168,-0.028406554833054543,0.009518315084278584,0.019007112830877304,-0.13268767297267914,-0.292911171913147,-0.0800030454993248,-0.17492416501045227,0.04190024733543396,-0.128666952252388,0.024939414113759998,0.04543258622288704,-0.16901549696922302,-0.05465184524655342,-0.06698531657457353,0.060227937996387475,0.015274970792233944,0.0046529313549399385,0.16366823017597198,-0.03595353662967682,-0.0772264152765274,-0.050841249525547035,0.043906062841415405,0.2558146119117737,0.1587875932455063,0.02245081216096878,0.033148650079965584,-0.051846109330654144,0.08358952403068542,-0.17525483667850494,0.10362814366817474,0.10111545771360396,0.15084154903888702,0.06982526928186418,0.06647142022848129,-0.19985096156597126,-0.04459776729345322,0.012501338496804236,-0.1273690015077591,0.03605348616838455,0.01687805727124214,-0.07043537497520448,-0.10783986002206802,-0.034222539514303214,0.2594972252845764,0.10742709040641783,-0.06697595864534378,-0.0910436511039734,0.27126774191856384,-0.10568557679653168,-0.07024823874235152,0.095901757478714,-0.09408915042877196,-0.10460558533668518,-0.2183566242456436,0.12323258817195892,0.3794362545013428,0.09017372876405716,-0.11543124914169313,0.06284861266613008,-0.15418289601802826,-0.0725630521774292,-0.06063223630189896,0.03450680896639824,-0.1297791302204132,0.026417313143610958,-0.08769116550683975,0.08981366455554962,0.16011206805706024,-0.013616889715194702,-0.05113120004534722,0.12635011970996854,-0.030660049989819527,0.06940366327762604,0.059713922441005714,0.009270641952753069,-0.07221031188964844,0.007357212249189615,-0.12435933202505113,-0.041240204125642776,0.09916416555643084,-0.1507527381181717,-0.06891345977783203,0.059862606227397926,-0.21655835211277008,0.12179583311080933,0.0526730976998806,-0.05281498283147812,-0.02341917902231216,0.056649990379810326,-0.029830880463123318,0.0010417941957712171,0.1953664869070053,-0.2809002995491028,0.24231863021850586,0.15593263506889346,0.020801348611712456,0.1951615363359452,0.03720861673355103,0.08139893412590027,0.008018315769731998,-0.09963352978229524,-0.1495199203491211,-0.0916694551706314,0.028979213908314705,-0.02070961520075798,0.02975545823574066,0.0902218148112297
file-moved,-0.08868373185396193,0.12246932089328764,0.05487096309661865,-0.05557461082935333,0.005347523838281632,-0.032541677355766296,0.013614116236567496,-0.08061645925045012,0.1896044164896012,-0.07966780662536621,0.2484568506479264,0.025883298367261887,-0.20410239696502688,-0.13075554370880127,0.013354470022022724,0.056300103664398186,-0.1537381410598755,-0.1687515825033188,-0.03782682120800018,-0.09274451434612274,-0.037109654396772385,-0.02309839054942131,0.03714083135128021,0.02429120242595673,-0.15638773143291473,-0.3045999407768249,-0.11228933930397034,-0.1483215093612671,0.05308058112859726,-0.09578168392181396,0.045165792107582085,0.050951454788446426,-0.1963362842798233,-0.013749726116657257,-0.07752584666013718,0.037111252546310425,0.01564074121415615,-0.008400954306125641,0.19537866115570068,0.022171897813677788,-0.15181945264339447,-0.015457832254469396,0.007855668663978577,0.22301509976387024,0.12853628396987915,0.01939915493130684,0.018226388841867447,-0.008471326902508736,0.0536327138543129,-0.17560620605945587,0.09653151035308838,0.11790111660957335,0.13219861686229706,0.04918883740901947,0.03789704293012619,-0.1791599541902542,-0.025378312915563583,0.05274162441492082,-0.16672900319099426,0.058568235486745834,-0.04426189139485359,-0.07772368937730789,-0.06600464880466461,0.016093255952000618,0.2521752715110779,0.1261882185935974,-0.07502075284719467,-0.08327944576740265,0.2846763730049133,-0.11374278366565704,-0.046019680798053735,0.0941457748413086,-0.06624434143304825,-0.12091231346130372,-0.22115594148635864,0.1321568787097931,0.37343305349349976,0.08679600805044174,-0.13154996931552887,0.0870979055762291,-0.15006154775619507,-0.06150490045547485,-0.08088397979736328,0.04710300266742706,-0.1760275959968567,0.0598251223564148,-0.0833524763584137,0.016697302460670468,0.1773611605167389,0.05211648344993591,-0.06382670253515244,0.17967163026332855,-0.02893122285604477,0.08137926459312439,0.08377497643232346,-0.017778597772121433,-0.03239317610859871,-0.0281501729041338,-0.11251796782016754,-0.032690364867448814,0.09047260135412216,-0.1631307303905487,-0.07252661883831024,0.08716611564159392,-0.21355749666690824,0.1309005469083786,0.06177069619297981,-0.0765533596277237,0.003533982671797276,0.12930366396903992,-0.039381422102451324,-0.043305762112140656,0.16636787354946134,-0.29537683725357056,0.25516679883003235,0.15167734026908875,0.056861709803342826,0.19046702980995173,0.08244162052869798,0.08228996396064757,-0.002096690237522125,-0.07327987253665924,-0.11940527707338333,-0.09992646425962448,0.0626286193728447,-0.04498198255896568,0.06143365055322648,0.10820312798023224
file-moved,-0.15013138949871066,0.17193448543548584,0.06214572861790658,-0.060039293020963676,-0.03140225261449814,-0.019089598208665848,0.0426667183637619,-0.059087164700031274,0.21647487580776206,-0.07126368582248688,0.227285236120224,-1.0885298252105713e-05,-0.15344396233558655,-0.1085602045059204,-0.007895235903561115,0.1264769285917282,-0.17437952756881714,-0.20180898904800407,-0.06040620803833008,-0.15116684138774872,-0.002265821443870664,0.0379001721739769,-0.07468054443597794,0.04988081380724907,-0.15219008922576904,-0.30419719219207764,-0.05875995010137557,-0.18845263123512268,0.039334334433078766,-0.10376589745283127,0.07087673991918564,0.0011413994943723087,-0.20091652870178225,-0.03238920494914055,-0.04869350790977478,0.0392853394150734,0.033521927893161774,-0.01788925193250179,0.16595035791397095,0.04117588698863983,-0.12947982549667358,-0.05130896344780922,0.033381156623363495,0.2902323603630066,0.15899744629859924,0.0066942046396434324,0.04282587766647339,-0.018973492085933685,0.09237661212682724,-0.19305895268917084,0.03643165528774262,0.09760969877243042,0.13813549280166626,0.07061555981636047,0.048420391976833344,-0.1789209097623825,-0.024080254137516008,0.01102760061621666,-0.1656433343887329,0.055995237082242966,0.01781924068927765,-0.09497308731079104,-0.09998834878206253,-0.012944922782480715,0.27956387400627136,0.06919959932565689,-0.06916975975036621,-0.08597536385059358,0.299160361289978,-0.1071157529950142,-0.06865750998258591,0.05460624769330025,-0.08018287271261215,-0.0979297086596489,-0.27371513843536377,0.11053727567195892,0.4192987382411957,0.09260612726211548,-0.13884742558002472,0.05731414258480073,-0.15830542147159574,0.027348991483449936,-0.04393337666988373,0.025110067799687386,-0.13665302097797394,0.03096516989171505,-0.07972533255815506,0.06894804537296295,0.20407579839229584,0.035406995564699166,-0.04951809346675873,0.12048885971307755,-0.043963860720396035,0.011973338201642036,0.02869891375303268,-0.0003100447356700897,-0.031176663935184482,-0.004469350446015596,-0.06020588427782059,-0.006267455406486988,0.09656378626823424,-0.11072659492492676,-0.023382781073451042,0.11116023361682892,-0.25364193320274353,0.13748228549957275,0.03935950994491577,-0.060945358127355576,-0.05842942744493485,0.0966937318444252,-0.06398817151784897,0.027826366946101192,0.2035461813211441,-0.23089514672756195,0.254672110080719,0.17274141311645508,-0.0007723325397819282,0.18765541911125186,0.03740893304347992,0.05599457770586014,-0.043465729802846916,-0.08755738288164139,-0.15722256898880005,-0.1098376214504242,0.029240865260362625,-0.041089437901973724,0.06318559497594832,0.1030220165848732
file-moved,-0.06863441318273544,0.05250667780637741,0.16123348474502566,-0.12531590461730954,-0.1357104331254959,-0.033089272677898414,-0.1367201954126358,-0.13723723590373993,0.1213865876197815,-0.14285564422607422,0.1021847128868103,0.0057745305821299536,-0.17724274098873138,0.06922610104084015,-0.03740349411964417,0.16870133578777313,-0.17503421008586886,-0.11839276552200315,-0.06303281337022781,0.008088433183729649,-0.02154814824461937,0.14625011384487152,0.0511348769068718,0.04896426200866698,-0.08740366995334625,-0.33402788639068604,-0.1237010806798935,-0.01689755544066429,-0.03951917216181755,-0.067268006503582,-0.00923263281583786,0.07485845685005188,-0.15820008516311646,0.059373930096626275,0.009273109957575798,0.13753840327262878,0.0588180311024189,-0.0926893800497055,0.13560627400875092,0.1068166196346283,-0.3049410283565521,-0.018697714433073997,0.02640852332115173,0.2598763704299927,0.2704026997089386,-0.05898405984044075,0.013116247951984406,-0.07117815315723419,0.1362534761428833,-0.3067636489868164,0.04789920896291733,0.09539895504713056,-0.06337957829236984,0.04922052472829819,0.03459465503692627,-0.11656200885772705,0.05966277793049812,0.1310783177614212,-0.12175748497247695,0.04013605415821075,0.12122443318367004,-0.10901869088411333,0.07237047702074051,0.007631950080394746,0.2447477877140045,0.07136533409357071,-0.1412625014781952,-0.15066781640052795,0.11380543559789658,-0.15590737760066986,-0.09358680993318558,0.05362894013524056,-0.15091291069984436,-0.1209392175078392,-0.34094861149787903,0.003392389975488186,0.4834250211715698,0.0977177619934082,-0.18761558830738068,0.07416790723800659,-0.1268182396888733,-0.04883124306797981,0.09634589403867724,0.20611418783664706,0.05566807463765144,0.06345199048519135,-0.08577197790145874,0.061024304479360574,0.3067905306816101,-0.012423784472048284,0.004488295875489712,0.3400119543075561,0.016383767127990726,0.09097928553819656,0.03356369212269783,0.11503470689058305,-0.04424449056386948,-0.017137670889496803,-0.16292941570281982,0.020283270627260208,-0.02200370281934738,0.003421607427299023,-0.018255097791552544,0.18559889495372767,-0.2060236483812332,0.2340710163116455,0.020320570096373558,-0.0069172317162156105,0.026219088584184647,-0.016755571588873863,-0.05528512224555016,-0.07515307515859604,0.18673397600650787,-0.2308183461427689,0.09956450015306473,0.192168191075325,0.08510320633649826,0.11297193169593812,0.043638452887535095,0.07448083162307739,0.01339001301676035,-0.039426617324352264,-0.15048041939735413,0.004200216382741928,0.03651013225317001,-0.051542285829782486,-0.011587701737880709,0.10389825701713562
file-moved,-0.13810159265995026,0.14768710732460022,0.07657084614038467,-0.07671771198511124,-0.047510642558336265,-0.04617846757173538,0.003491738811135292,-0.05324482545256615,0.177600160241127,-0.09620186686515808,0.27123647928237915,0.008586017414927483,-0.20349985361099246,-0.1323479413986206,0.02402998693287373,0.096220001578331,-0.14292250573635099,-0.13447920978069305,-0.0744902566075325,-0.1516602635383606,-0.010454400442540646,0.01687186025083065,0.025196127593517303,0.004103591665625572,-0.09830935299396516,-0.29589006304740906,-0.11637237668037415,-0.12986375391483307,0.04215187579393387,-0.12141717970371245,0.06743473559617996,0.04971853271126747,-0.17069785296916962,-0.05040913447737694,-0.0774364173412323,0.054870672523975365,0.015412111766636372,0.0231642983853817,0.16626037657260895,0.0012872768566012385,-0.1177382543683052,-0.02294960618019104,0.016577908769249916,0.2900877594947815,0.14697009325027466,0.047871891409158714,0.012269971892237663,0.015172189101576803,0.07200446724891663,-0.19661825895309448,0.09934929013252257,0.10229409486055374,0.145597442984581,0.03549263626337052,0.06975949555635452,-0.17510934174060822,-0.030427701771259308,0.047004926949739456,-0.1417066752910614,0.039217278361320496,0.017441604286432266,-0.12172015756368634,-0.09196126461029053,-0.038210082799196236,0.3082338571548462,0.11281727999448775,-0.08757299184799194,-0.0930578112602234,0.2694989740848541,-0.05522828921675682,-0.025274660438299183,0.10177049040794373,-0.10661078244447708,-0.06969144940376283,-0.2174791395664215,0.1339513212442398,0.3682823181152344,0.05260811001062393,-0.1327252984046936,0.05423984676599503,-0.20123228430747986,-0.0037087900564074525,-0.10153719782829283,-0.0048623112961649895,-0.14455249905586245,0.04532333463430405,-0.13212409615516665,0.031879641115665436,0.1430845558643341,-0.02788042649626732,-0.04545779898762703,0.17945772409439087,-0.0105483066290617,0.039034228771924966,0.060598362237215035,-0.013586368411779405,-0.07191602140665054,-0.04763443768024445,-0.11082406342029573,-0.052823811769485474,0.11439485847949983,-0.19085822999477384,-0.06505311280488968,0.05856604501605034,-0.21382716298103333,0.15904317796230316,0.03672460839152336,-0.020780224353075027,-0.036996245384216316,0.07536911964416504,-0.05087703093886376,-0.01767061091959476,0.19650377333164212,-0.26069703698158264,0.2361305505037308,0.13992856442928314,0.013555066660046576,0.207703560590744,0.0750846341252327,0.12305297702550888,-0.06152257695794105,-0.08053211867809296,-0.09841637313365936,-0.10375864058732986,0.04850301891565323,-0.005420420318841934,0.059170361608266824,0.13072212040424347
