wid_304,-0.129792720079422,0.07146910578012466,0.1281754970550537,-0.004143023397773504,-0.10253087431192398,-0.03924095258116722,-0.011182235553860664,-0.06777658313512802,0.09054485708475113,0.00128560874145478,0.22625993192195892,-0.010097608901560307,-0.16381335258483887,-0.0005346013349480927,0.016235942021012306,0.05978924408555031,-0.05789575353264809,-0.11863569170236588,-0.1567235141992569,-0.05820649489760399,-0.05288155749440193,-0.10255268216133118,-0.03784901276230812,0.07524847984313965,-0.15705566108226776,-0.2775673568248749,-0.1265777200460434,-0.06336420774459839,0.003613327397033572,-0.09568925946950912,0.039087146520614624,-0.006629359442740679,-0.16534380614757538,-0.02631794475018978,-0.05151285231113434,0.07241155207157135,-0.037659551948308945,-0.05248292163014412,0.17494474351406097,-0.06802696734666824,-0.16840308904647827,0.05427040159702301,0.046328119933605194,0.23586681485176086,0.23592884838581085,0.030872026458382607,0.04327545315027237,0.02881276234984398,0.052649300545454025,-0.223530575633049,0.11932271718978882,0.07478304952383041,0.1771954447031021,0.048855263739824295,0.036723341792821884,-0.18083599209785461,-0.03481129929423332,0.14755584299564362,-0.16132038831710815,0.09376697242259979,-0.0430472269654274,-0.13371413946151733,-0.07847858965396881,-0.05434571951627731,0.24912939965724945,0.22123903036117554,-0.11119575798511505,-0.13788139820098877,0.19138534367084503,-0.15515857934951782,-0.0006265685078687966,0.068485327064991,-0.10696535557508469,-0.14033733308315277,-0.2850639224052429,0.1148492842912674,0.4440523386001587,0.08358747512102127,-0.2619710862636566,0.011610474437475204,-0.12189780920743942,-0.007446331903338432,-0.055100128054618835,0.028260095044970512,-0.1231674924492836,-0.02339840866625309,-0.1276865005493164,0.014715790748596191,0.2159622609615326,0.016830964013934135,-0.03498554229736328,0.1709342896938324,0.016394566744565964,-0.02880718559026718,0.04890444874763489,-0.007414394523948431,-0.05939355120062828,-0.04314514249563217,-0.08872250467538834,-0.03624750301241875,0.06199466064572334,-0.09231840819120407,-0.008733443915843964,0.044560834765434265,-0.20854957401752472,0.18957026302814484,0.038585323840379715,0.010534332133829594,0.007076689973473549,0.051929619163274765,-0.09921563416719437,-0.029618406668305397,0.2506583631038666,-0.28726130723953247,0.19063526391983032,0.13142074644565582,0.023543722927570343,0.13723322749137878,0.07888703793287277,0.0890553891658783,0.009431296028196812,0.04115515947341919,-0.09861300885677338,-0.0006279813242144883,0.0314401239156723,-0.09414660185575485,0.10297095030546188,0.13559113442897797
wid_304,-0.1472962349653244,0.10574890673160553,0.12843087315559387,0.0072930040769279,-0.11154691129922867,-0.052014052867889404,-0.033593904227018356,-0.09292219579219818,0.08633935451507568,-0.007140930742025375,0.24953077733516693,-0.0182582326233387,-0.14755959808826447,-0.03969541937112808,0.007588858250528574,0.07251432538032532,-0.04501042887568474,-0.14216849207878113,-0.1540781557559967,-0.0883200392127037,-0.03343460336327553,-0.10158582776784897,-0.014804083853960037,0.05352567881345749,-0.15529261529445648,-0.2856431007385254,-0.12038184702396393,-0.08158469945192337,-0.0082579730078578,-0.1133681908249855,0.07622011005878448,-7.289909262908623e-05,-0.16571283340454102,-0.019947171211242676,-0.060887306928634644,0.08084496855735779,-0.027845777571201324,-0.04911378026008606,0.15197576582431793,-0.06603993475437164,-0.17709192633628845,0.04316076636314392,0.04152470454573631,0.23957423865795135,0.24626612663269043,0.03336048126220703,0.022176183760166168,0.025890115648508072,0.0463491827249527,-0.20568960905075073,0.09228666126728058,0.0852883830666542,0.17884036898612976,0.02488880231976509,0.06949228793382645,-0.14955051243305206,-0.010459886863827705,0.12390429526567459,-0.15419121086597443,0.050687480717897415,-0.04180620238184929,-0.12735754251480103,-0.07904139906167984,-0.05660935118794441,0.25537049770355225,0.22860844433307648,-0.09381219744682312,-0.09754274785518646,0.1842479109764099,-0.1307571977376938,-0.009887570515275002,0.07585322111845016,-0.11505692452192307,-0.14229804277420044,-0.2710437476634979,0.10327046364545822,0.45640018582344055,0.06924020498991013,-0.2653496265411377,0.0031092180870473385,-0.09760351479053497,0.020000027492642403,-0.04718424379825592,0.01618286781013012,-0.14886878430843353,-0.036652009934186935,-0.1444828063249588,3.198189369868487e-05,0.1996549516916275,-0.0008933584904298186,-0.03865472599864006,0.16834481060504913,-0.01008626725524664,-0.033656369894742966,0.05777060613036156,-0.01914164423942566,-0.05993158742785454,-0.03236915543675423,-0.08064362406730652,-0.06882251054048538,0.08224789798259735,-0.10359817743301392,-0.02354823239147663,0.025036200881004333,-0.19606316089630127,0.13712230324745178,0.037613462656736374,0.018647175282239914,0.0023343106731772423,0.05084361881017685,-0.08503926545381546,-0.03050883300602436,0.239574134349823,-0.2576613128185272,0.19768457114696503,0.13490253686904907,-0.01810317486524582,0.14194858074188232,0.10434367507696152,0.10170820355415344,-0.015231136232614517,0.02467118762433529,-0.06569880247116089,-0.010161221958696842,0.030306315049529076,-0.08031025528907776,0.08981684595346451,0.1099214106798172
wid_307,-0.08782904595136642,0.1452886164188385,0.11049359291791916,-0.0606810562312603,-0.059555184096097946,-0.009976127184927464,-0.009091927669942379,-0.09691178798675537,0.17233334481716156,-0.11834705621004105,0.2368912249803543,0.008979779668152332,-0.19421425461769104,-0.1265571266412735,-0.004955912474542856,0.09248162060976028,-0.08452243357896805,-0.18679915368556976,-0.08094968646764755,-0.09617484360933304,-0.023182937875390053,-0.009804317727684975,0.004103739745914936,-0.01818661391735077,-0.15000641345977783,-0.31485456228256226,-0.09909408539533615,-0.1170303151011467,-0.005747963674366474,-0.10248447954654694,0.056158483028411865,0.0735868588089943,-0.1927046775817871,-0.010258166119456291,-0.10072173178195953,0.08210983127355576,-0.031243620440363884,0.02253054641187191,0.16391229629516602,0.002336239442229271,-0.16657127439975739,-0.034196071326732635,0.03563674911856651,0.21682099997997284,0.18217656016349792,0.029317915439605713,0.0286040548235178,-0.014417601749300957,0.059453077614307404,-0.1630324125289917,0.0962107852101326,0.10715052485466003,0.18518294394016266,0.07129242271184921,0.07542043924331665,-0.1617295891046524,0.0166169386357069,0.029105592519044876,-0.15845990180969238,0.011705281212925911,-0.010069925338029861,-0.10287224501371384,-0.06697205454111099,0.03244463726878166,0.2876308560371399,0.09542134404182434,-0.04783778637647629,-0.04993429407477379,0.2850324213504791,-0.08914236724376678,-0.017914097756147385,0.10445450246334076,-0.09352575242519379,-0.10647516697645187,-0.21272358298301697,0.11502093076705933,0.4017076790332794,0.06253212690353394,-0.1681205928325653,0.03816322982311249,-0.12055552005767822,-0.05923764780163765,-0.060427192598581314,0.0013719175476580858,-0.16827180981636047,0.02215980365872383,-0.1250419318675995,0.04158066585659981,0.19466367363929749,-0.009431312792003155,-0.030029790475964546,0.15121689438819885,0.007577431853860617,0.013261000625789165,0.080374576151371,-0.022025398910045624,-0.056890878826379776,-0.005728103220462799,-0.1207754835486412,-0.06590542197227478,0.09523513168096542,-0.15758615732192993,-0.08796628564596176,0.05319549888372421,-0.18611228466033936,0.16704440116882324,0.047585729509592056,-0.06013961136341095,-0.041842926293611526,0.04617948830127716,-0.06651978194713593,-0.03803643211722374,0.20863617956638336,-0.20732758939266205,0.2034837305545807,0.10165411233901978,-0.009095421992242336,0.18605713546276093,0.09254937618970871,0.12715592980384827,-0.04219428449869156,-0.08716391026973724,-0.10621833056211472,-0.08884545415639877,0.08696729689836502,-0.05162105709314346,0.10435985028743744,0.11017113924026489
wid_307,-0.11429205536842346,0.09820258617401123,0.026693491265177727,-0.049330685287714005,-0.08250366151332855,0.01776956021785736,-0.03270566090941429,-0.08910810947418213,0.176613450050354,-0.10960648953914642,0.215674489736557,-0.026078104972839355,-0.17196044325828552,-0.15863355994224548,-0.028494112193584442,0.12401482462882996,-0.07842634618282318,-0.1850072592496872,-0.0315229706466198,-0.13745751976966858,-0.016277624294161797,-0.02565298229455948,-0.019878558814525604,0.053731102496385574,-0.17205844819545746,-0.33137866854667664,-0.06014391779899597,-0.15743288397789001,0.03224385157227516,-0.13807612657546997,-0.009565121494233608,0.0735919326543808,-0.17017585039138794,0.017486272379755974,-0.07877974212169647,0.07276224344968796,0.005049773491919041,-0.013327664695680141,0.14786048233509064,0.012079620733857155,-0.16262787580490112,-0.0690319836139679,0.021701905876398087,0.23964527249336243,0.1268698275089264,0.024488674476742744,0.039946045726537704,-0.003994091413915157,0.09348617494106293,-0.16107963025569916,0.09252607822418213,0.08858399838209152,0.17143821716308594,0.012566277757287025,0.04619410261511803,-0.17397339642047882,-0.029189392924308777,0.01552550308406353,-0.1796167939901352,0.00756414607167244,-0.046372853219509125,-0.03772788122296333,-0.09900663793087006,-0.020913220942020416,0.29471099376678467,0.1319648027420044,-0.07443824410438538,-0.06393104046583176,0.24442045390605927,-0.12109977751970291,-0.013180321082472801,0.04206877574324608,-0.0764731764793396,-0.1425984799861908,-0.2471693754196167,0.12958328425884247,0.40098103880882263,0.10780622810125351,-0.15354010462760925,0.06657432019710541,-0.1028292179107666,-0.05849345028400421,-0.04739516228437424,0.014907709322869778,-0.1923990547657013,0.06109912320971489,-0.08204561471939087,0.029693208634853363,0.18023402988910675,-0.012175521813333035,-0.02933959662914276,0.1290379762649536,-0.018374918028712273,0.025055481120944023,0.03672290965914726,-0.013616359792649746,-0.08671433478593826,0.017721528187394142,-0.058725763112306595,-0.04928237572312355,0.10319165885448456,-0.13625094294548035,-0.020485954359173775,0.06123824417591095,-0.23737755417823792,0.1548301726579666,0.047806523740291595,-0.07780280709266663,-0.018056783825159073,0.09927012771368027,-0.11894918233156204,-0.06426816433668137,0.17275694012641907,-0.23578424751758575,0.17353636026382446,0.1286994218826294,0.09027088433504105,0.228593647480011,0.12010923027992249,0.08116831630468369,0.007445726078003645,-0.06227259710431099,-0.09005270898342133,-0.07828821241855621,0.11527538299560547,-0.07566326856613159,0.0618806891143322,0.10311827063560486
wid_309,-0.11660531908273697,0.1266905963420868,0.14736755192279816,-0.014659970998764038,-0.11614593863487244,-0.013012361712753773,0.00394347682595253,-0.0961194559931755,0.11829271167516708,-0.018696527928113937,0.2542627155780792,0.016621237620711327,-0.18024446070194244,-0.025891058146953583,0.006891417317092419,0.08724671602249146,-0.05260349437594414,-0.1447182148694992,-0.13131535053253174,-0.06688285619020462,-0.06781940162181854,-0.09011632204055786,-0.008871969766914845,0.026430198922753334,-0.12434947490692139,-0.28842252492904663,-0.15052831172943115,-0.08013523370027542,-0.001103149144910276,-0.08445201069116592,0.05582645907998085,0.01313178613781929,-0.17914018034934998,-0.035674598067998886,-0.06246378272771835,0.05862269550561905,-0.018695887178182602,-0.009078332222998142,0.13940101861953735,-0.02654925361275673,-0.17937667667865753,0.04582442343235016,0.05360208451747894,0.220674529671669,0.21231602132320404,0.03410885110497475,0.048747409135103226,-0.002956696320325136,0.011705373413860798,-0.15877985954284668,0.09770774841308594,0.07177470624446869,0.22598513960838318,0.03717643395066261,0.039604008197784424,-0.13487598299980164,-0.024601073935627937,0.09739449620246887,-0.1643398106098175,0.07769934087991714,-0.0037164478562772274,-0.11716822534799576,-0.09516645967960358,-0.02919631637632847,0.2453591227531433,0.21469272673130035,-0.07834244519472122,-0.13676348328590393,0.2097880244255066,-0.14282968640327454,-0.02852237969636917,0.11013796180486679,-0.10926259309053421,-0.11045550554990768,-0.264367938041687,0.09377745538949966,0.4349544048309326,0.05620205029845238,-0.24408763647079468,-0.035336315631866455,-0.12972420454025269,-0.0006721875397488475,-0.07810667902231216,0.015609510242938995,-0.15455709397792816,-0.011629324406385422,-0.13278363645076752,0.0008035917417146266,0.21586021780967712,-0.010777532123029232,-0.03282899782061577,0.1697099804878235,0.0071440995670855045,-0.022823093459010124,0.04359395429491997,0.017835838720202446,-0.03649075701832771,-0.04895434528589249,-0.10270637273788452,-0.09505833685398102,0.053425997495651245,-0.11595458537340164,-0.03986870124936104,0.03335342928767204,-0.2168918401002884,0.13328717648983002,0.023349661380052567,-0.013308822177350521,-0.006525075063109398,0.06296007335186005,-0.06857745349407196,-0.04602596536278725,0.25881701707839966,-0.24839189648628235,0.18603287637233734,0.15076135098934174,-0.05234459415078163,0.09179101139307022,0.0806521326303482,0.11522849649190903,-0.038614630699157715,-0.02757321298122406,-0.05661824345588684,-0.037378326058387756,0.03374902904033661,-0.1012832298874855,0.09422574937343597,0.09596484154462814
wid_310,-0.11694652587175369,0.15342941880226135,0.1132252961397171,-0.016663970425724983,-0.12925975024700165,0.004685621242970228,-0.026477396488189697,-0.11098600924015045,0.11177071928977966,-0.01577026955783367,0.2462715208530426,0.01206777710467577,-0.15493711829185486,-0.0390915609896183,0.009030082263052464,0.08357376605272293,-0.08064620941877365,-0.1416577845811844,-0.12326361984014511,-0.05563054233789444,-0.0620235912501812,-0.10044347494840622,0.006453876383602619,0.04394976794719696,-0.13914825022220612,-0.29835841059684753,-0.12000090628862381,-0.09210856258869171,-0.009357606992125511,-0.10909867286682129,0.0693085640668869,-0.02412225864827633,-0.12763221561908722,-0.012882933020591736,-0.06482657045125961,0.05311128497123718,-0.03798601031303406,-0.07030313462018967,0.19320981204509735,-0.0715755894780159,-0.1937732994556427,0.03873631730675697,0.0747285932302475,0.24018634855747223,0.21459414064884186,0.0301034115254879,0.05407251790165901,0.021991495043039322,0.07075086981058121,-0.16756890714168549,0.09493137896060944,0.06643739342689514,0.16209082305431366,0.03413951024413109,0.03428960219025612,-0.1497776210308075,-0.027711529284715652,0.13218720257282257,-0.1609927862882614,0.04688310623168945,-0.019355889409780502,-0.11795814335346222,-0.0699535682797432,-0.05128220096230507,0.273361474275589,0.24470657110214233,-0.08796489983797073,-0.1095883697271347,0.17122049629688263,-0.1484254002571106,-0.04068431258201599,0.059234485030174255,-0.11883256584405899,-0.12470144033432007,-0.2558571398258209,0.07539830356836319,0.41753649711608887,0.0721111074090004,-0.22344134747982025,-0.03609228879213333,-0.08126265555620193,0.0020263991318643093,-0.050574272871017456,0.05357716605067253,-0.14763544499874115,-0.017597530037164688,-0.11589053273200989,-0.02106679417192936,0.24218793213367462,0.0010345252230763435,-0.041715458035469055,0.16758312284946442,0.01794113777577877,-0.043259356170892715,0.048537902534008026,-0.003715655766427517,-0.04538760706782341,-0.029649699106812477,-0.0933181494474411,-0.04608702287077904,0.049055613577365875,-0.11765137314796448,-0.01970069296658039,0.029304414987564087,-0.23820480704307556,0.1425069272518158,0.040301613509655,0.005528460722416639,0.0038962059188634157,0.05514070764183998,-0.06721717864274979,-0.03804739564657211,0.26137951016426086,-0.24495188891887665,0.19282756745815277,0.14720863103866577,0.001484024920500815,0.14596416056156158,0.09362950921058655,0.10813813656568527,-0.022752663120627403,0.010482603684067726,-0.06206703186035156,-0.030196962878108025,0.03408355638384819,-0.08176189661026001,0.12352991849184036,0.11107758432626724
wid_311,-0.09861871600151062,0.10158813744783401,0.008209043182432652,-0.07044471800327301,-0.046708445996046066,0.030505893751978874,-0.03169412165880203,-0.10484906286001205,0.19922223687171936,-0.11509554088115692,0.21929460763931274,-0.02324821427464485,-0.17387869954109192,-0.15655212104320526,-0.053971558809280396,0.12528669834136963,-0.12262933701276779,-0.16249725222587585,-0.05427562817931175,-0.10168023407459259,-0.020223326981067657,-0.03257047384977341,0.008640513755381107,0.03907640650868416,-0.18238364160060883,-0.33606550097465515,-0.09477462619543076,-0.14419110119342804,0.014062472619116306,-0.10876152664422989,0.020519817247986794,0.06812787801027298,-0.16506856679916382,0.019831184297800064,-0.0643450915813446,0.06515781581401825,0.019517412409186363,0.04210428521037102,0.1739896833896637,0.03820924460887909,-0.16935187578201294,-0.04384733363986015,0.03979255259037018,0.24839849770069122,0.13846583664417267,0.05532299727201462,0.033015117049217224,-0.0019422764889895916,0.12219886481761932,-0.1685710996389389,0.11752083152532578,0.09223379194736481,0.1933910995721817,0.0026796318124979734,0.08452475816011429,-0.14983943104743958,-0.035390887409448624,0.0419413298368454,-0.14699673652648926,0.04255547747015953,-0.018194658681750298,-0.06228252872824669,-0.09047474712133408,-0.00175760209094733,0.26443442702293396,0.1162133663892746,-0.0804319754242897,-0.09441549330949783,0.2597261071205139,-0.09075365960597992,-0.01454882137477398,0.045125652104616165,-0.07799326628446579,-0.1294771283864975,-0.27257847785949707,0.1135478988289833,0.4255443215370178,0.09039768576622009,-0.1309402883052826,0.07882565259933472,-0.11640587449073792,-0.06558308005332947,-0.06059084087610245,0.008983952924609184,-0.18649829924106598,0.045491576194763184,-0.08653194457292557,0.025172844529151917,0.17790421843528748,-0.021444544196128845,-0.03140328451991081,0.1308925598859787,-0.05218379944562912,0.044176701456308365,0.011042926460504532,-0.02862471342086792,-0.10908976942300797,0.03698669746518135,-0.06041531637310982,-0.03782013803720474,0.10894382745027542,-0.1243322566151619,-0.005287196487188339,0.045891374349594116,-0.23436757922172546,0.1556725651025772,0.03510942682623863,-0.06334318965673447,-0.002209363505244255,0.12644055485725403,-0.14115510880947113,-0.045144204050302505,0.18522073328495026,-0.2567473351955414,0.20025934278964996,0.11570050567388535,0.06603532284498215,0.19194939732551575,0.1424993872642517,0.08784458786249161,0.01944294013082981,-0.023395264521241188,-0.09888254106044769,-0.10131500661373138,0.09469183534383774,-0.07571018487215042,0.07569628208875656,0.10410744696855545
wid_312,-0.08759663999080658,0.05602928623557091,0.006739591248333454,-0.09719844162464142,-0.09663084894418716,0.041151486337184906,-0.029392551630735397,0.005023501347750425,0.12628993391990662,-0.046220142394304276,0.14533530175685883,-0.01044565811753273,-0.27913597226142883,-0.008360905572772026,-0.08459065854549408,0.07011061906814575,-0.09239032864570618,-0.14485515654087067,-0.12759439647197723,-0.12132393568754196,0.015412465669214725,0.04965832456946373,-0.05129138007760048,0.03550330922007561,-0.14874033629894257,-0.31782686710357666,-0.06793241947889328,-0.11137092858552933,0.03349043056368828,-0.11447995156049728,-0.006822188384830952,-0.045869130641222,-0.1401388794183731,0.02738434448838234,-0.015072273090481758,0.0260794535279274,-0.021407747641205788,-0.0504462867975235,0.21681910753250122,0.03341027721762657,-0.1582566797733307,0.01284590270370245,0.102662593126297,0.29349467158317566,0.12620753049850464,0.04359667748212814,0.029619861394166946,0.018786141648888588,0.12978202104568481,-0.2785162627696991,0.18140317499637604,0.13458256423473358,0.21112337708473206,0.052762772887945175,0.12703995406627655,-0.17947450280189514,-0.029156174510717392,0.09275615215301514,-0.12717793881893158,0.13315586745738983,0.03393222764134407,-0.016873331740498543,-0.08129969984292984,-0.07816367596387863,0.20973241329193115,0.09713825583457947,-0.1398467868566513,-0.11736977845430374,0.12516705691814423,-0.17922189831733704,0.00654938817024231,0.05568879470229149,-0.06595141440629959,-0.12818893790245056,-0.1979624330997467,0.14136862754821777,0.4199456572532654,0.15237995982170105,-0.18373145163059235,0.02989102154970169,-0.08079677075147629,-0.049705468118190765,0.05312305688858032,-0.01280694454908371,-0.1370275467634201,-0.0027961665764451027,-0.11253298819065094,0.05531153082847595,0.2172483652830124,-0.03710215538740158,-0.013905824162065983,0.16162481904029846,0.02724248543381691,0.03128017857670784,0.01393177080899477,0.040483832359313965,-0.1392291933298111,-0.0029623957816511393,-0.009296118281781673,0.08565475791692734,0.09592629969120026,-0.1396206170320511,-0.007911885157227516,0.015971725806593895,-0.1586584597826004,0.15221303701400757,0.015294532291591167,-0.04532470181584358,0.009430150501430035,0.089225172996521,-0.15777212381362915,-0.07219085097312927,0.18380458652973175,-0.2582632303237915,0.18595196306705475,0.11437429487705231,0.019970126450061798,0.14258193969726562,0.0881776362657547,0.07485055923461914,0.043506935238838196,0.015616240911185741,-0.1192554384469986,-0.11519258469343185,0.03706018254160881,-0.06514964997768402,0.03709711506962776,0.07090846449136734
wid_312,-0.16824078559875488,0.12217486649751663,0.16645227372646332,0.04600267857313156,-0.09891737252473831,-0.037839438766241074,-0.032366350293159485,-0.05985124781727791,0.07585113495588303,-0.023287009447813034,0.22818592190742493,0.0035925349220633507,-0.11401410400867462,-0.00039990065852180123,-0.011810854077339172,0.09633156657218933,-0.08373895287513733,-0.10253121703863144,-0.11377175897359848,-0.07293078303337097,-0.04070627689361572,-0.04672747850418091,-0.01820996031165123,0.06914421916007996,-0.1480899155139923,-0.26786765456199646,-0.10694892704486847,-0.11781496554613113,0.024969983845949173,-0.08164413273334503,-0.012151661328971386,-0.09672413021326065,-0.15471094846725464,-0.007991569116711617,-0.0457812137901783,0.014846679754555225,0.02134615369141102,-0.0408342108130455,0.20621538162231445,-0.03873263671994209,-0.1640353947877884,0.05779465660452843,0.05897170677781105,0.25475531816482544,0.20302224159240723,0.033903323113918304,0.03742578998208046,-0.00224032043479383,0.08989695459604263,-0.20157770812511444,0.14337514340877533,0.04253978282213211,0.16599705815315247,0.03680937737226486,0.02933446690440178,-0.19827662408351898,-0.04307147487998009,0.1274796426296234,-0.1386329084634781,0.0874982550740242,-0.028886912390589714,-0.06404475122690201,-0.08094177395105362,-0.013177530840039253,0.27148595452308655,0.22123853862285614,-0.09332829713821411,-0.14161117374897003,0.15088865160942078,-0.16464191675186157,0.011049572378396988,0.05882491171360016,-0.09228063374757767,-0.11781951040029526,-0.2915143072605133,0.12056940793991089,0.43114230036735535,0.09551028907299042,-0.2715121805667877,0.0004555945342872292,-0.1174025908112526,0.015998581424355507,0.019321640953421593,0.07087467610836029,-0.127486914396286,0.005605407524853945,-0.09822771698236465,-0.0012590616242960095,0.19906486570835114,0.013700665906071663,-0.02557355724275112,0.1810244470834732,0.04089348018169403,-0.015370393171906471,0.03580770641565323,-0.024970119819045067,-0.0618928000330925,-0.05587578937411308,-0.07020368427038193,-0.021309744566679,0.039277706295251846,-0.03225729987025261,-0.0028652516193687916,0.05788378417491913,-0.2675754427909851,0.12981370091438293,0.024580931290984154,-0.025158977136015892,0.0009119113092310727,0.06902400404214859,-0.08104801177978516,-0.04414583742618561,0.2082667052745819,-0.2580529749393463,0.16970118880271912,0.1355997920036316,-0.004935900215059519,0.16162391006946564,0.0843142718076706,0.0742587223649025,0.011317776516079903,0.053083453327417374,-0.08658353239297867,0.018999025225639343,0.057231467217206955,-0.11659085005521774,0.09592952579259872,0.10765387862920761
wid_314,-0.1796649545431137,0.1176656037569046,0.12166539579629898,-0.03284793347120285,-0.06839121878147125,-0.038862645626068115,-0.047747496515512466,-0.07608432322740555,0.11091513186693192,-0.03566756844520569,0.23311419785022736,-0.02202546037733555,-0.14420658349990845,-0.03117590770125389,0.00241623492911458,0.12629514932632446,-0.09242095053195953,-0.1375013291835785,-0.14734883606433868,-0.08522413671016693,-0.060675766319036484,-0.0891338512301445,0.0018735803896561265,0.06850143522024155,-0.15324415266513824,-0.2984439730644226,-0.15307864546775818,-0.11565025895833969,0.04104752838611603,-0.07336457073688507,0.060039278119802475,-0.03780489042401314,-0.14560247957706451,-0.010441328398883343,-0.038723986595869064,0.06319237500429153,-0.02233525551855564,-0.09451819211244583,0.20982660353183746,-0.049779124557971954,-0.16552047431468964,0.01501733809709549,0.028667211532592773,0.22470025718212128,0.18814927339553833,0.003654802218079567,0.11157413572072983,-0.008456731215119362,0.05516133829951286,-0.15835028886795044,0.10358849912881851,0.07820629328489304,0.172631174325943,0.07497701793909073,0.028454069048166275,-0.15665169060230255,0.02028224989771843,0.14613254368305206,-0.1660446971654892,0.08313457667827606,-0.00013283711450640112,-0.12486642599105835,-0.09579881280660629,-0.019588498398661613,0.2566923499107361,0.24645692110061646,-0.1154400035738945,-0.17199693620204926,0.20953266322612762,-0.1350751370191574,0.0037964482326060534,0.08660343289375305,-0.12689156830310822,-0.12388312816619873,-0.297588586807251,0.08727657794952393,0.41554418206214905,0.08845933526754379,-0.24140360951423645,-0.01981460675597191,-0.10499994456768036,0.025529902428388596,-0.03828062489628792,0.08395107835531235,-0.16997389495372772,-0.024590304121375084,-0.09885931760072708,-0.011358445510268211,0.21559888124465942,0.02235247567296028,-0.08156082779169083,0.11564228683710098,0.018848445266485214,-0.030338911339640617,0.04584020748734474,0.017376195639371872,-0.055046893656253815,-0.08088262379169464,-0.031715963035821915,-0.021078847348690033,0.060426756739616394,-0.08378934115171432,-0.045251667499542236,0.034774523228406906,-0.18144993484020233,0.1781277060508728,0.01352432556450367,-0.016709227114915848,-0.04252399876713753,0.08040129393339157,-0.08077681064605713,-0.01842467486858368,0.24310994148254395,-0.2306581288576126,0.19647017121315002,0.17147020995616913,0.0003198273479938507,0.15250276029109955,0.11413142830133438,0.13021624088287354,-0.03374504670500755,0.03790237754583359,-0.07043685019016266,-0.044301170855760574,0.027972282841801643,-0.05990057438611984,0.13018105924129486,0.09415825456380844
wid_315,-0.09273770451545715,0.1348654180765152,0.08652494102716446,-0.07330721616744995,-0.059016816318035126,-0.025963159278035164,-2.4215862140408717e-05,-0.09092962741851807,0.18548588454723358,-0.1174653172492981,0.2073822021484375,-0.03250604867935181,-0.17466525733470917,-0.0988939106464386,-0.0005884031997993588,0.07799400389194489,-0.0881359726190567,-0.17958877980709076,-0.08271874487400055,-0.11493659019470215,-0.02679894119501114,0.0011995885288342834,-0.02202039584517479,0.018796322867274284,-0.1374669373035431,-0.300944447517395,-0.08455364406108856,-0.11057516932487488,0.04056037589907646,-0.09631836414337158,0.03968854621052742,0.09948732703924179,-0.2143271416425705,-0.00993135292083025,-0.07898776978254318,0.10343710333108902,-0.017739947885274887,0.00929247960448265,0.15633948147296906,-0.0014752423157915473,-0.1302899718284607,-0.03363190218806267,0.03353210166096687,0.21768036484718323,0.15756680071353912,0.032573942095041275,0.011078448966145515,0.014580494724214077,0.09499429911375046,-0.1589752584695816,0.07108236849308014,0.11650413274765015,0.20711706578731537,0.07375636696815491,0.06956863403320312,-0.19393664598464966,0.02437848038971424,0.027196429669857025,-0.1452654004096985,0.025853939354419708,-0.022229613736271858,-0.12135668843984604,-0.07835420221090317,0.01296659093350172,0.2863664925098419,0.06925845891237259,-0.039182502776384354,-0.057440951466560364,0.2576828598976135,-0.08102979511022568,0.010791119188070297,0.10214760154485703,-0.0945509523153305,-0.09053771942853928,-0.17319442331790924,0.13391141593456268,0.38031643629074097,0.08227495849132538,-0.1739611178636551,0.06724829226732254,-0.12148043513298035,-0.04011087864637375,-0.07208017259836197,-0.01029678713530302,-0.16594389081001282,0.015908261761069298,-0.13626915216445923,0.0310352835804224,0.18047399818897247,-0.020979732275009155,-0.013981945812702179,0.1358318030834198,-0.009009000845253468,0.02444245107471943,0.03992565721273422,-0.0773223266005516,-0.09490393102169037,-0.011266590096056461,-0.08068612217903137,-0.07572069764137268,0.10546377301216125,-0.14479708671569824,-0.09004165977239609,0.051921743899583817,-0.20536324381828308,0.1672324240207672,0.03405776247382164,-0.05742757394909859,-0.03481664881110191,0.0637599304318428,-0.05738989636301994,-0.043292105197906494,0.18800006806850433,-0.22080548107624054,0.20354565978050232,0.09837023913860321,-0.014178351499140263,0.21106962859630585,0.07198787480592728,0.13181769847869873,-0.021702609956264496,-0.04258308559656143,-0.08378960192203522,-0.11042563617229462,0.10296344012022018,-0.042692769318819046,0.07400128990411758,0.08950649946928024
wid_316,-0.16056108474731445,0.102097287774086,0.11172548681497574,0.0019258459797129035,-0.12101477384567261,-0.04112796112895012,-0.03890257701277733,-0.11748038977384567,0.11850548535585403,-0.05043713003396988,0.23641394078731537,-0.022014925256371498,-0.14731775224208832,0.031107814982533455,-0.03576267138123512,0.07091153413057327,-0.07504307478666306,-0.12468867003917694,-0.14338919520378113,-0.08847478777170181,-0.04080934077501297,-0.11567942053079605,-0.04322803020477295,0.0575106218457222,-0.12159503996372223,-0.2694237530231476,-0.13813291490077972,-0.07133284211158752,0.01992989331483841,-0.09107641875743866,0.07077927142381668,-0.021322092041373253,-0.16987264156341553,-0.02666301280260086,-0.059128519147634506,0.04441530629992485,-0.015040911734104156,-0.03233063593506813,0.2048390805721283,-0.07194774597883224,-0.14733175933361053,0.030924739316105843,0.06634247303009033,0.23281145095825195,0.19018647074699402,0.039466507732868195,0.034848976880311966,-0.005332470405846834,0.07369451224803925,-0.18901830911636353,0.06893715262413025,0.07661980390548706,0.1781344711780548,0.04789752513170242,0.038567572832107544,-0.1891554594039917,-0.0241075549274683,0.10933738946914673,-0.1548699289560318,0.10349967330694199,-0.026803547516465187,-0.121207095682621,-0.09065520763397217,-0.03673359006643295,0.2749793529510498,0.2353849858045578,-0.0924735739827156,-0.15529780089855194,0.20324201881885529,-0.15699328482151031,0.003696887521073222,0.07840235531330109,-0.10574240237474442,-0.13038292527198792,-0.29604825377464294,0.07863379269838333,0.4554191529750824,0.0636390820145607,-0.2255670130252838,-0.01920023001730442,-0.1042531430721283,-0.019266197457909584,-0.04514595866203308,0.03078269772231579,-0.15767483413219452,-0.017782974988222122,-0.11135369539260864,0.014454242773354053,0.22682903707027435,0.01096057053655386,-0.05571365728974342,0.15527591109275818,0.012617161497473717,-0.01807328686118126,0.028096556663513184,0.012777788564562798,-0.08151045441627502,-0.06935068964958191,-0.10331779718399048,-0.041485726833343506,0.049069471657276154,-0.06549276411533356,-0.004095363896340132,0.053603775799274445,-0.19270968437194824,0.12905794382095337,0.008209340274333954,-0.015012082643806934,-0.0530179999768734,0.0746597871184349,-0.11445784568786621,-0.03343154117465019,0.2485819011926651,-0.24813112616539001,0.1853470504283905,0.13741083443164825,0.008401383645832539,0.12757077813148499,0.09270935505628586,0.07322047650814056,0.0009256491321139038,0.05203161761164665,-0.06476262211799622,-0.02224477007985115,0.005503377411514521,-0.08458634465932846,0.09237759560346603,0.10399644076824188
wid_316,-0.0820319801568985,0.16705277562141418,0.06596477329730988,-0.07413122057914734,-0.0615832582116127,-0.016899093985557556,-0.007007029838860035,-0.0867486298084259,0.21518447995185852,-0.10660526156425476,0.2396799474954605,-0.023900538682937622,-0.22285905480384827,-0.11775993555784225,0.0022192432079464197,0.12246210873126984,-0.1031988337635994,-0.16162797808647156,-0.11962996423244476,-0.15246938169002533,-0.0455591194331646,0.02239162288606167,0.03263212740421295,0.022733598947525024,-0.1594499945640564,-0.31377309560775757,-0.08261606842279434,-0.13469897210597992,0.013763608410954475,-0.12219250202178955,0.024807700887322426,0.059534426778554916,-0.20892255008220673,-0.029993321746587753,-0.09606198221445084,0.06715919822454453,-0.024673938751220703,0.02382207289338112,0.16994354128837585,0.042377207428216934,-0.14580580592155457,-0.06277575343847275,0.017793744802474976,0.22409571707248688,0.18554192781448364,0.051209136843681335,0.026221921667456627,0.021113818511366844,0.07080813497304916,-0.1688995659351349,0.10420079529285431,0.09739650785923004,0.18252018094062805,0.04700867086648941,0.06148148328065872,-0.18016299605369568,-0.02823304943740368,0.054374776780605316,-0.14600907266139984,-0.0025274043437093496,0.00841058325022459,-0.1024840921163559,-0.09704411774873734,0.04057472199201584,0.30934882164001465,0.10795324295759201,-0.046871885657310486,-0.057453323155641556,0.2720470428466797,-0.09533562511205673,0.0019748511258512735,0.09597847610712051,-0.08598843216896057,-0.08385806530714035,-0.2237575799226761,0.11395786702632904,0.3909364640712738,0.05387289449572563,-0.14430277049541473,0.025154732167720795,-0.1426316499710083,-0.031654201447963715,-0.07367220520973206,-0.029465889558196068,-0.18234442174434662,0.03853878751397133,-0.1427202671766281,0.04059813544154167,0.17525112628936768,-0.03126649186015129,-0.03072209469974041,0.17010973393917084,-0.010235200636088848,0.028926195576786995,0.05595976859331131,-0.04568023979663849,-0.09345584362745285,-0.024137068539857864,-0.0785338431596756,-0.0682734027504921,0.11203502863645554,-0.1290901005268097,-0.07601849734783173,0.035741519182920456,-0.19169184565544128,0.15531331300735474,0.03613210842013359,-0.05486082658171654,-0.05092164874076843,0.06725049763917923,-0.074069544672966,-0.07036593556404114,0.21599455177783966,-0.2027386724948883,0.17638835310935974,0.10503482073545456,-0.026107506826519966,0.19593238830566406,0.0842776969075203,0.123876191675663,-0.03874804452061653,-0.05693391337990761,-0.10042117536067963,-0.09507060796022415,0.09974897652864456,-0.04790094122290611,0.10955404490232468,0.11088655889034271
wid_2,-0.16957587003707886,0.07167158275842667,0.12389488518238068,-0.004381021950393915,-0.11469272524118423,-0.0525067076086998,-0.031808871775865555,-0.09823817759752274,0.10318805277347565,-0.021544430404901505,0.2568933963775635,-0.010942681692540646,-0.14400041103363037,0.020768936723470688,-0.007619841489940882,0.07539267092943192,-0.09460221976041794,-0.11399650573730469,-0.157584547996521,-0.07638491690158844,-0.07382301986217499,-0.11957036703824997,-0.04659830033779144,0.06156599149107933,-0.13361772894859314,-0.281790167093277,-0.14450323581695557,-0.08358871936798096,0.004637276753783226,-0.10365969687700272,0.05838330090045929,-0.01464008167386055,-0.18586282432079315,-0.048520494252443314,-0.07196583598852158,0.0185879897326231,-0.0018285246333107352,-0.043494656682014465,0.1578335165977478,-0.04802173003554344,-0.1623782217502594,0.03637806326150894,0.05167549476027489,0.2175697237253189,0.21744363009929657,0.028798144310712814,0.038058895617723465,0.014096995815634727,0.03605519235134125,-0.208603635430336,0.05478201061487198,0.06483932584524155,0.1899203658103943,0.03983292356133461,0.016690848395228386,-0.1626969426870346,-0.009646102786064148,0.11341710388660431,-0.14937575161457062,0.09952801465988159,-0.019536057487130165,-0.12301541119813919,-0.07735088467597961,-0.010901108384132385,0.2604878842830658,0.22316376864910126,-0.08994115144014359,-0.14241158962249756,0.18144866824150085,-0.13274595141410828,-0.01348991971462965,0.0698414072394371,-0.10628475993871689,-0.1596449911594391,-0.3106881082057953,0.09780575335025787,0.45326703786849976,0.07379943132400513,-0.24769312143325806,-0.0015692387241870165,-0.15414419770240784,-0.00727573549374938,-0.05995974317193031,0.016263741999864578,-0.14732979238033295,-0.025536471977829933,-0.12109775096178055,0.010965097695589066,0.22489364445209503,0.026135364547371864,-0.04076296463608742,0.1669403314590454,-0.0008164741448126733,-0.0286833755671978,0.037071969360113144,0.023327117785811424,-0.058037616312503815,-0.059123605489730835,-0.07453564554452896,-0.05062262713909149,0.07261483371257782,-0.06467124819755554,-0.008178265765309334,0.05378619581460953,-0.21833845973014832,0.15082553029060364,0.01643448881804943,-0.010928004048764706,-0.01701284758746624,0.0658997967839241,-0.07728909701108932,-0.02666691318154335,0.24213199317455292,-0.26092442870140076,0.1834564357995987,0.1706620305776596,0.009883965365588665,0.12575645744800568,0.08340580016374588,0.05701422318816185,-0.02136608213186264,0.048356346786022186,-0.07226839661598206,-0.01566568948328495,0.016582831740379333,-0.09631829708814621,0.088763028383255,0.109828419983387
wid_319,-0.09183479100465775,0.16671496629714966,0.06470853835344315,-0.0839124545454979,-0.04373431205749512,-0.035046957433223724,0.006595194805413485,-0.08537524938583374,0.2126689851284027,-0.1073545292019844,0.26991069316864014,-0.015351125039160252,-0.20679795742034912,-0.13961200416088104,0.011105440557003021,0.12640121579170227,-0.11928072571754456,-0.16335999965667725,-0.10158145427703857,-0.14279411733150482,-0.017962774261832237,0.011561313644051552,0.006752964109182358,0.027289822697639465,-0.16137781739234924,-0.290280282497406,-0.07313436269760132,-0.12736840546131134,0.016997072845697403,-0.09547033160924911,0.04334209859371185,0.07082825154066086,-0.21753723919391632,-0.03666938841342926,-0.09395212680101395,0.06446120142936707,-0.016328968107700348,0.023269353434443474,0.1640857309103012,0.031839776784181595,-0.1468440592288971,-0.080352783203125,0.028592592105269432,0.22355066239833832,0.18529339134693146,0.012504260055720806,0.03632545843720436,0.008509517647325993,0.07736393809318542,-0.20869973301887512,0.07960623502731323,0.10019171983003616,0.1925603598356247,0.05522290617227554,0.05731727555394173,-0.18805687129497528,-0.03352174162864685,0.062094781547784805,-0.1348307877779007,0.025503680109977722,0.007274277973920107,-0.08729232102632523,-0.09604431688785553,0.020070983096957207,0.2987505793571472,0.10976433008909225,-0.07084355503320694,-0.044472165405750275,0.27961504459381104,-0.0722498968243599,-0.005643144249916077,0.10568670183420181,-0.0878765806555748,-0.10767397284507751,-0.23187927901744843,0.10471085458993912,0.39191797375679016,0.042477674782276154,-0.15331202745437622,0.0136082973331213,-0.16751939058303833,-0.011839255690574646,-0.06778067350387573,-0.05022861808538437,-0.17106564342975616,0.02148282900452614,-0.140401229262352,0.04662870988249779,0.20318204164505005,-0.03317027539014816,-0.02306937240064144,0.17969240248203278,-0.018739579245448112,0.029909923672676086,0.044007644057273865,-0.015724269673228264,-0.06261228024959564,-0.01690630055963993,-0.0905795767903328,-0.04152372106909752,0.10368343442678452,-0.16872015595436096,-0.07669532299041748,0.043831102550029755,-0.20461474359035492,0.14490841329097748,0.05661527439951897,-0.03363090381026268,-0.04049333184957504,0.07033233344554901,-0.08853694796562195,-0.049553416669368744,0.21597768366336823,-0.18531684577465057,0.20691701769828796,0.11231867223978043,-0.025481244549155235,0.19348037242889404,0.08988312631845474,0.1230364739894867,-0.04708576947450638,-0.09567432850599289,-0.08781741559505463,-0.09048689901828766,0.08281571418046951,-0.0477021262049675,0.08154583722352982,0.10050440579652786
wid_319,-0.13491742312908173,0.10378390550613403,0.1120205894112587,0.011228613555431366,-0.1075635775923729,-0.06017693504691124,-0.036645952612161636,-0.1305447369813919,0.0946950912475586,-0.06788722425699234,0.24326151609420776,-0.008729049004614353,-0.17077307403087616,0.012506970204412937,-0.025996513664722443,0.08320071548223495,-0.07081975042819977,-0.12776227295398712,-0.12377595901489258,-0.08631531149148941,-0.02159963734447956,-0.0755121260881424,0.0013794329715892673,0.06245904788374901,-0.15337149798870087,-0.269123375415802,-0.13228537142276764,-0.08725155144929886,-0.010056756436824799,-0.045107871294021606,0.044406965374946594,-0.03534214198589325,-0.15176072716712952,0.01714405044913292,-0.04430433362722397,0.024160675704479218,0.0006717456853948534,-0.022442111745476723,0.2055446207523346,-0.05314287915825844,-0.17573282122612,0.0020675254054367542,0.07180155813694,0.22442136704921722,0.1687951683998108,0.02396426908671856,0.07285421341657639,-0.03719552233815193,0.05028669908642769,-0.1830136626958847,0.10819579660892487,0.09039124101400375,0.13210462033748627,0.060042548924684525,0.010988589376211166,-0.1986123025417328,-0.03373163938522339,0.12914878129959106,-0.13678455352783203,0.095513254404068,-0.015702517703175545,-0.08212348818778992,-0.08927173167467117,-0.02015138417482376,0.2984703481197357,0.24409377574920654,-0.11272503435611725,-0.14712586998939514,0.18501527607440948,-0.18228870630264282,-0.025676533579826355,0.06505879759788513,-0.13362061977386475,-0.1327124834060669,-0.2961127758026123,0.06025450676679611,0.4323221743106842,0.05578868091106415,-0.21493573486804962,-0.010995106771588326,-0.1301063597202301,0.0021468789782375097,-0.022958094254136086,0.04554786905646324,-0.14906781911849976,0.02068742923438549,-0.10769417136907578,0.023378953337669373,0.25226080417633057,-0.017520355060696602,-0.046977367252111435,0.18577617406845093,0.021807154640555382,-0.02097107097506523,0.04817468300461769,0.026830503717064857,-0.0699034333229065,-0.07993628084659576,-0.09738238155841827,-0.03975803777575493,0.03991766646504402,-0.08488263189792633,-0.010085944086313248,0.05175016447901726,-0.23613552749156952,0.14079692959785461,0.016911858692765236,-0.025716837495565414,-0.029401546344161034,0.07523421943187714,-0.09878119081258774,-0.06320374459028244,0.23505109548568726,-0.21343745291233063,0.20485399663448334,0.13930226862430573,0.043679554015398026,0.15106239914894104,0.08338145166635513,0.09110736101865768,-0.02251243405044079,0.025822114199399948,-0.059088945388793945,-0.0024563001934438944,0.022281786426901817,-0.08164896816015244,0.09862817823886871,0.10008995980024338
wid_319,-0.1682838648557663,0.12423314899206161,0.15216347575187683,-0.008227301761507988,-0.08323197066783905,-0.03346316143870354,0.02466561645269394,-0.06856367737054825,0.1132548600435257,-0.05634744465351105,0.29950061440467834,-0.05226483196020126,-0.19364455342292786,-0.023122332990169525,0.03162606060504913,0.10476890206336975,-0.05446171388030052,-0.12490817159414291,-0.14381617307662964,-0.03309645876288414,-0.0035511741880327463,-0.1258549839258194,-0.009102094918489456,0.07366543263196945,-0.1513761729001999,-0.3048999011516571,-0.11113955080509186,-0.07944819331169128,-0.02331201732158661,-0.10453254729509354,0.049878742545843124,0.006989536806941032,-0.16650260984897614,0.009196020662784576,-0.0854625254869461,0.03892079368233681,-0.008740429766476154,-0.052997980266809464,0.2263641506433487,-0.0494985431432724,-0.22333410382270813,-0.011037549003958702,0.013801402412354946,0.22801882028579712,0.19007562100887299,-0.024973416700959206,0.03862142935395241,-0.01910805143415928,0.06499200314283371,-0.19981110095977783,0.09072583168745041,0.08176147192716599,0.18619616329669952,0.047316186130046844,0.01512391958385706,-0.14779523015022278,0.018976273015141487,0.08776833862066269,-0.16995693743228912,0.017740732058882713,0.0005730342236347497,-0.12509635090827942,-0.10052279382944107,-0.04425477609038353,0.2622200548648834,0.22116519510746002,-0.11089757084846497,-0.15048588812351227,0.17319926619529724,-0.12377598881721497,-0.0005791722214780748,0.12235181033611298,-0.13757643103599548,-0.1428387314081192,-0.31099995970726013,0.09771641343832016,0.4436560571193695,0.06676443666219711,-0.2691222131252289,-0.02368944138288498,-0.14853201806545258,-0.0009848404442891479,-0.019093357026576996,0.07722189277410507,-0.15018728375434875,0.01308598741889,-0.12123087793588638,0.02651664987206459,0.19655758142471313,-0.011696618050336838,-0.06331031024456024,0.19252155721187592,0.037357211112976074,-0.006110495422035456,0.039946191012859344,-0.011202992871403694,-0.022535230964422226,-0.048389654606580734,-0.08028358966112137,-0.02324133925139904,0.059109415858983994,-0.07786154747009277,-0.04180997610092163,0.05524894595146179,-0.25478819012641907,0.15738187730312347,0.035663556307554245,0.005396091844886541,0.010389570146799088,0.05100851133465767,-0.09874365478754044,-0.051559969782829285,0.19377827644348145,-0.2732967734336853,0.1236489862203598,0.1293831169605255,0.01538872066885233,0.1084788367152214,0.10626108199357986,0.09837602078914642,-0.015274855308234692,0.021559879183769226,-0.11015909910202026,0.029766090214252472,0.09014707058668137,-0.059389788657426834,0.09047849476337433,0.07675464451313019
wid_2,-0.12843593955039978,0.12693114578723907,0.11474501341581345,0.023214055225253105,-0.09113243967294693,-0.05074054375290871,-0.038146261125802994,-0.07264258712530136,0.12214726209640503,-0.03715504705905914,0.23612020909786224,0.007654909044504166,-0.14772699773311615,0.015823381021618843,0.0037487491499632597,0.09907913208007812,-0.06990647315979004,-0.11877373605966568,-0.13026976585388184,-0.03016420267522335,0.004081678111106157,-0.09895557910203934,-0.021161479875445366,0.05231193080544472,-0.12732918560504913,-0.2983933389186859,-0.13808299601078033,-0.10539191961288452,0.010156571865081787,-0.13988207280635834,0.020580599084496498,-0.028159011155366898,-0.15182121098041534,-0.024340229108929634,-0.08658797293901443,0.012274440377950668,0.05102180317044258,-0.022031312808394432,0.17919160425662994,-0.031195063143968582,-0.23884600400924683,0.02798430621623993,0.03240324184298515,0.22987855970859528,0.22635091841220856,0.021691089496016502,0.046490006148815155,-0.015454699285328388,0.04409453272819519,-0.17837782204151154,0.10830950736999512,0.04558800533413887,0.18681646883487701,0.05190861225128174,0.018198451027274132,-0.16113384068012238,-0.03013385832309723,0.07666359096765518,-0.15511909127235413,0.05825132504105568,-0.0010597504442557693,-0.07917577028274536,-0.09269758313894272,-0.009895109571516514,0.2551654875278473,0.19299690425395966,-0.10253220051527023,-0.12682710587978363,0.1534949243068695,-0.15014523267745972,-0.020929351449012756,0.0832485780119896,-0.11571969091892242,-0.14667098224163055,-0.3168432116508484,0.09185991436243057,0.42646557092666626,0.06281132996082306,-0.2833506166934967,0.004952871240675449,-0.13407133519649506,-0.01068874355405569,-0.025980394333600998,0.04934708774089813,-0.121176578104496,0.037858858704566956,-0.11426428705453873,0.016548415645956993,0.22161686420440674,-0.011727960780262947,-0.03830598294734955,0.1715541034936905,-0.0017532985657453537,-0.01689290627837181,0.0362229123711586,0.08046229928731918,-0.04290970787405968,-0.06736620515584946,-0.10116712003946304,-0.0801105871796608,0.10550479590892792,-0.059310540556907654,-0.05827442929148674,0.06178060919046402,-0.25843098759651184,0.1540652960538864,0.03183756023645401,-0.012468697503209114,0.0017092606285586953,0.0680893138051033,-0.08837000280618668,-0.04762464389204979,0.24194709956645966,-0.22257016599178314,0.16757865250110626,0.16437207162380219,-0.02385983057320118,0.10888347774744034,0.08421526849269867,0.08633940666913986,-0.024585766717791557,0.004616642836481333,-0.09881261736154556,-0.009796650148928165,0.06700994074344635,-0.06347116082906723,0.08654698729515076,0.0851854458451271
wid_323,-0.09773358702659607,0.11503139138221741,0.055012013763189316,-0.07072317600250244,-0.018210917711257935,-0.030023880302906036,0.028746426105499268,-0.07825674116611481,0.20527420938014984,-0.11820275336503983,0.2648445963859558,-0.00527753634378314,-0.19127114117145538,-0.12760648131370544,0.0011424504918977618,0.07789140194654465,-0.07848057895898819,-0.17421944439411163,-0.11646287888288498,-0.13293446600437164,-0.03686448559165001,-0.010790299624204636,-0.007867223583161831,0.028584349900484085,-0.1326761394739151,-0.3175714612007141,-0.1198626160621643,-0.13072840869426727,0.03991461545228958,-0.09810275584459305,0.04051656648516655,0.04622690752148628,-0.21953700482845306,-0.038495827466249466,-0.10151456296443939,0.06267604976892471,-0.005223031155765057,0.023938283324241638,0.16082556545734406,0.017955105751752853,-0.1362132728099823,-0.03763497993350029,0.04328551143407822,0.23992694914340973,0.16383980214595795,0.031082594767212868,0.008893060497939587,0.01704869419336319,0.04252813383936882,-0.15250469744205475,0.09677485376596451,0.09302202612161636,0.18777407705783844,0.0657089576125145,0.07524364441633224,-0.16851654648780823,-0.016121862456202507,0.046188872307538986,-0.1288391798734665,0.029580112546682358,-0.03762439265847206,-0.09232523292303085,-0.10395460575819016,0.019801529124379158,0.3025244474411011,0.08407623320817947,-0.05723847448825836,-0.09992726147174835,0.27188640832901,-0.10703881084918976,-8.5617539298255e-05,0.10845273733139038,-0.092352494597435,-0.08726153522729874,-0.2157960832118988,0.16093605756759644,0.40335652232170105,0.0494416318833828,-0.14566808938980103,0.09299525618553162,-0.1723545640707016,-0.06198576092720032,-0.06844927370548248,-0.027315247803926468,-0.14081592857837677,0.0262514166533947,-0.1375068873167038,0.028888484463095665,0.18313327431678772,-0.008106393739581108,-0.025522194802761078,0.14630669355392456,-0.04358533024787903,0.02558409608900547,0.05600091069936752,-0.037912506610155106,-0.08924806118011475,0.0017508614109829068,-0.08844936639070511,-0.05684297904372215,0.11986791342496872,-0.1424722820520401,-0.08555341511964798,0.03289756923913956,-0.20479810237884521,0.13780158758163452,0.055100515484809875,-0.051558271050453186,-0.0005508310860022902,0.08746947348117828,-0.09286177158355713,-0.07122144848108292,0.1995970904827118,-0.2537001669406891,0.2197347730398178,0.10933640599250793,0.010970599949359894,0.18262571096420288,0.09943874925374985,0.11139983683824539,-0.016461826860904694,-0.04198773205280304,-0.1255936175584793,-0.07585994154214859,0.07833290845155716,-0.0574369914829731,0.06463858485221863,0.10216140747070312
wid_323,-0.14466449618339539,0.037366610020399094,0.057725369930267334,0.010506386868655682,-0.09871271252632141,-0.033454619348049164,0.011460324749350548,-0.060329388827085495,0.0987340584397316,-0.061454180628061295,0.27345985174179077,-0.018592871725559235,-0.19538633525371552,-0.006728292442858219,0.057917606085538864,0.09737611562013626,-0.10455845296382904,-0.08100586384534836,-0.16931931674480438,-0.03843487426638603,-0.017269989475607872,-0.03873904421925545,0.022447606548666954,0.10385659337043762,-0.1574750542640686,-0.25817421078681946,-0.10251317173242569,-0.15470018982887268,0.043426722288131714,-0.08493320643901825,0.021399570629000664,-0.023210590705275536,-0.08610224723815918,0.00347154401242733,0.011080888099968433,0.07214797288179398,-0.0443633608520031,-0.07523135840892792,0.2795572280883789,-0.055013421922922134,-0.20622357726097107,-0.02176540717482567,0.021981768310070038,0.2568286657333374,0.1884741336107254,0.004414131864905357,0.021088505163788795,-0.007569495588541031,0.0813838467001915,-0.25422537326812744,0.12154972553253174,0.0642583891749382,0.20348484814167023,0.05211801081895828,0.045539744198322296,-0.1732618510723114,0.02857954055070877,0.17333191633224487,-0.18456391990184784,0.04335866495966911,-0.005047034006565809,-0.11542705446481705,-0.048796139657497406,-0.021509766578674316,0.27327048778533936,0.2011997401714325,-0.1170901283621788,-0.08946410566568375,0.1556994915008545,-0.16652876138687134,-0.03436077758669853,0.10440799593925476,-0.1366875171661377,-0.17727886140346527,-0.24983473122119904,0.027871035039424896,0.44073668122291565,0.12833192944526672,-0.27046099305152893,-0.03702002763748169,-0.09654486179351807,-0.008461571298539639,0.04395924508571625,0.04820908606052399,-0.12564703822135925,-0.05270744487643242,-0.11223257333040237,-7.47772864997387e-05,0.22831499576568604,-0.04484914243221283,-0.01918569579720497,0.18526768684387207,0.06128574535250664,-0.03723463788628578,0.06464436650276184,-0.06975151598453522,-0.007698809262365103,-0.08342345058917999,-0.07701312005519867,-0.04181564599275589,0.04954499378800392,-0.0936279296875,0.0042801727540791035,0.036642931401729584,-0.2761475145816803,0.16835087537765503,0.04456193000078201,-0.05109931901097298,0.049808379262685776,0.031380098313093185,-0.10645204037427902,-0.027884237468242645,0.25671762228012085,-0.2532484233379364,0.17030908167362213,0.1562304049730301,0.040884777903556824,0.15488828718662262,0.05142328515648842,0.0887153148651123,-0.038950733840465546,0.02200922742486,-0.1486159712076187,0.0018615841399878263,0.09397144615650177,-0.06047926843166351,0.11623238772153854,0.04887250065803528
wid_325,-0.19223251938819885,0.10892829298973083,0.10482225567102432,-0.015377843752503395,-0.11294376105070114,-0.028648560866713524,0.013447719626128674,-0.08223286271095276,0.10842078924179077,-0.03314944729208946,0.30166080594062805,-0.001751120900735259,-0.16175657510757446,-0.06938999891281128,0.011054864153265953,0.11514697968959808,-0.07805927097797394,-0.13600988686084747,-0.13550546765327454,-0.08096622675657272,0.03279487416148186,-0.09348355233669281,-0.027671916410326958,0.08237356692552567,-0.14086392521858215,-0.2802920937538147,-0.09662474691867828,-0.09687124937772751,0.020047901198267937,-0.10468510538339615,0.0453135222196579,-0.04611616209149361,-0.19578216969966888,-0.004505455959588289,-0.08806883543729782,0.0731843039393425,0.011552858166396618,-0.06198040395975113,0.18689844012260437,-0.04591987654566765,-0.18133224546909332,0.009192981757223606,0.04167887195944786,0.19832810759544373,0.17522799968719482,-0.02542632259428501,0.07627952843904495,-0.017593666911125183,0.02830236405134201,-0.14343014359474182,0.0962882786989212,0.0872679352760315,0.17661145329475403,0.0553462915122509,0.0037588488776236773,-0.17312383651733398,-0.019844338297843933,0.12723636627197266,-0.1335928738117218,0.03580666333436966,0.004100230056792498,-0.08581285178661346,-0.10143472254276276,-0.04271004721522331,0.2512234151363373,0.19514432549476624,-0.09656477719545364,-0.15145280957221985,0.18593920767307281,-0.12110169976949692,-0.05118174850940704,0.06311041116714478,-0.14053644239902496,-0.13530685007572174,-0.304187536239624,0.13632166385650635,0.45048418641090393,0.08035266399383545,-0.2690218687057495,-0.0032495534978806973,-0.13788892328739166,0.005756974685937166,-0.011309612542390823,0.053931329399347305,-0.11637192964553833,0.024298137053847313,-0.13946934044361115,0.033570367842912674,0.18979007005691528,0.018485762178897858,-0.02230256237089634,0.17104481160640717,0.047439973801374435,-0.01925848051905632,0.04616440087556839,0.00528347585350275,-0.023765889927744865,-0.02278946526348591,-0.06434495002031326,-0.026355458423495293,0.035205431282520294,-0.09289232641458511,-0.02467118762433529,0.033337414264678955,-0.2153821438550949,0.1318221241235733,0.0477106012403965,-0.01187454629689455,-0.044427089393138885,0.0704926922917366,-0.09155550599098206,-0.042566269636154175,0.1898440569639206,-0.22746162116527557,0.18475738167762756,0.16405226290225983,0.033231232315301895,0.15352585911750793,0.12393210083246231,0.13272808492183685,-0.006632794626057148,0.007915168069303036,-0.09943357855081558,0.013502332381904125,0.04419644549489021,-0.06914602220058441,0.09783810377120972,0.11422676593065262
wid_2,-0.13387154042720795,0.08217377960681915,0.1167992353439331,0.023128759115934372,-0.08414988219738007,-0.025972852483391762,-0.04488825052976608,-0.07229810208082199,0.1238943412899971,-0.059814948588609695,0.18868793547153473,0.015192701481282711,-0.147385835647583,0.033593710511922836,0.005767572671175003,0.06640619784593582,-0.10968254506587982,-0.1334921419620514,-0.13329057395458221,-0.08910024166107178,-0.03881172090768814,-0.07591304183006287,-0.007324671372771263,0.07742806524038315,-0.15224334597587585,-0.2787531614303589,-0.13814489543437958,-0.09761065989732742,0.027825891971588135,-0.07333771884441376,0.02274777926504612,-0.06913527101278305,-0.16991180181503296,-0.0013471238780766726,-0.033755939453840256,0.05092263221740723,-0.002713701454922557,-0.05416785553097725,0.2049274742603302,-0.05553678050637245,-0.1665038913488388,0.003450386691838503,0.023036520928144455,0.21662259101867676,0.22494275867938995,0.020810319110751152,0.019634993746876717,-0.012596880085766315,0.063315249979496,-0.1883394718170166,0.13049699366092682,0.09979993104934692,0.1414117068052292,0.07827430963516235,0.03212948888540268,-0.19478106498718262,-0.02167063020169735,0.1391475647687912,-0.09427521377801895,0.10092834383249283,-0.0433039665222168,-0.1310628354549408,-0.05822562798857689,-0.009683665819466114,0.2568679749965668,0.2136615812778473,-0.09007862210273743,-0.17616108059883118,0.18337957561016083,-0.17704562842845917,-0.009597050957381725,0.07252684235572815,-0.12057776004076004,-0.1351630836725235,-0.287945032119751,0.07414203137159348,0.4464204013347626,0.08175266534090042,-0.2771376073360443,-0.007669645361602306,-0.10232838988304138,0.007694614119827747,0.030650122091174126,0.10036151856184006,-0.12278308719396591,-0.014324548654258251,-0.10425644367933273,0.011865750886499882,0.23103035986423492,0.015909550711512566,-0.08443082123994827,0.151372492313385,-0.0053170472383499146,0.004360073246061802,0.08325885236263275,-0.0017210404621437192,-0.04348988085985184,-0.06270243227481842,-0.10263234376907349,-0.03506780043244362,0.06127821281552315,-0.054508328437805176,-0.04258378967642784,0.06470075249671936,-0.18322131037712097,0.13003361225128174,0.028126796707510948,-0.01915322057902813,-0.004330898635089397,0.07127562910318375,-0.12420032173395157,-0.05728968605399132,0.2619529664516449,-0.24940894544124603,0.21708308160305023,0.15820348262786865,-0.0053553273901343346,0.15877172350883484,0.07099899649620056,0.12075873464345932,-0.0035521432291716337,0.04653041809797287,-0.09476927667856216,0.014540797099471092,0.021350165829062462,-0.06756036728620529,0.09394986182451248,0.08078452944755554
wid_2,-0.1562262922525406,0.09056693315505981,0.10792133957147598,0.004847430158406496,-0.1110309287905693,-0.048194654285907745,-0.03314657881855965,-0.0869087427854538,0.10455121099948883,-0.016398431733250618,0.19434846937656403,0.012628084979951382,-0.1591416746377945,-0.00585566321387887,-0.01813792996108532,0.06635688990354538,-0.09442724287509918,-0.1561402529478073,-0.15488813817501068,-0.06917661428451538,-0.02702280692756176,-0.12057706713676453,-0.02494870498776436,0.0446472242474556,-0.15798552334308624,-0.2987292408943176,-0.12884029746055603,-0.06228281185030937,0.021521441638469696,-0.0798531100153923,0.056443724781274796,-0.02341620624065399,-0.19845978915691376,-0.028580231592059135,-0.06887657195329666,0.08544047921895981,-0.017279520630836487,-0.03600588068366051,0.17377203702926636,-0.04762063920497894,-0.18372325599193573,0.030967382714152336,0.05425345525145531,0.22654449939727783,0.2403312623500824,0.03654598444700241,0.02789066918194294,-0.006410304922610521,0.06388629972934723,-0.21668003499507904,0.12408559769392014,0.10096132755279541,0.17980368435382843,0.05127695947885513,0.05847253277897835,-0.16769929230213165,-0.011105101555585861,0.1412128359079361,-0.13435137271881104,0.08882065117359161,-0.045493245124816895,-0.10795243829488754,-0.07161279767751694,-0.03465155139565468,0.23014764487743378,0.20883996784687042,-0.09148158878087997,-0.10971971601247787,0.19313794374465942,-0.14520663022994995,0.0011086686281487346,0.059495709836483,-0.09588993340730667,-0.14168210327625275,-0.32796216011047363,0.09867646545171738,0.4893532693386078,0.07332167774438858,-0.2546505630016327,-0.013413065113127232,-0.10305505245923996,-0.02168324589729309,-0.014180704019963741,0.039912398904561996,-0.17521606385707855,-0.029046792536973953,-0.14798657596111298,0.025760261341929436,0.2151942104101181,0.023330625146627426,-0.04348362609744072,0.15184608101844788,0.016179263591766357,-0.006314822006970644,0.055151890963315964,0.036801282316446304,-0.08289676159620285,-0.0509505420923233,-0.11046189814805984,-0.06915129721164703,0.09203305095434189,-0.08725178986787796,-0.03212648630142212,0.06336847692728043,-0.1695145070552826,0.11405543982982635,0.0488765686750412,-0.007665964309126139,0.0010445043444633484,0.061738964170217514,-0.1086583361029625,-0.07521852105855942,0.2282949686050415,-0.22380444407463074,0.18077248334884644,0.158823162317276,-0.03292512148618698,0.13067573308944702,0.11176081746816635,0.09987679868936539,-0.013914349488914013,0.034143537282943726,-0.07145533710718155,0.004146563354879618,0.02048100158572197,-0.062355585396289825,0.08404996991157532,0.10874699056148529
wid_2,-0.16298551857471466,0.10326386988162994,0.10751475393772125,-0.0179643202573061,-0.08806009590625763,-0.047589968889951706,-0.011028621345758438,-0.07920379191637039,0.14018167555332184,-0.035764265805482864,0.21614520251750946,0.027821965515613556,-0.14413589239120483,0.01072272565215826,-0.026304589584469795,0.050777893513441086,-0.08632702380418777,-0.15270936489105225,-0.13536234200000763,-0.08267678320407867,-0.01641785353422165,-0.14331772923469543,-0.03368629515171051,0.02614130638539791,-0.18202069401741028,-0.3263992667198181,-0.15586324036121368,-0.08081168681383133,0.03896378353238106,-0.087405264377594,0.06591147929430008,-0.019053159281611443,-0.19885902106761932,-0.013627426698803902,-0.07267896831035614,0.07109449803829193,0.006994560826569796,-0.03363241255283356,0.20459143817424774,-0.011482764035463333,-0.1509285718202591,0.039313603192567825,0.05405345931649208,0.24477384984493256,0.20335067808628082,0.053939927369356155,0.06415630131959915,-0.018834199756383896,0.0661378875374794,-0.19732756912708282,0.14652112126350403,0.09360848367214203,0.14182771742343903,0.07921512424945831,0.08246848732233047,-0.1774802953004837,0.0033767465502023697,0.10315253585577011,-0.15212954580783844,0.09467501193284988,-0.01438924577087164,-0.05543834716081619,-0.09850359708070755,-0.04809444397687912,0.2859787940979004,0.23093917965888977,-0.10392898321151733,-0.12510600686073303,0.21598131954669952,-0.14868223667144775,0.004483195953071117,0.04730410501360893,-0.11154178529977798,-0.11572615057229996,-0.3058929145336151,0.1487610787153244,0.4761766493320465,0.10802233219146729,-0.21428182721138,-0.002521469257771969,-0.12852957844734192,-0.03735652193427086,-0.010887332260608673,0.03046572022140026,-0.18573333323001862,-0.005880462937057018,-0.0918242335319519,0.034834545105695724,0.2302740514278412,0.07123911380767822,-0.056451596319675446,0.14643914997577667,-0.0008502483833581209,0.008894631639122963,0.02492494136095047,0.008195010013878345,-0.10058742761611938,-0.051223572343587875,-0.10143814235925674,-0.03983160853385925,0.07722584903240204,-0.07913612574338913,-0.03632980212569237,0.09417986124753952,-0.20855820178985596,0.11497344821691513,0.017977673560380936,-0.03124774992465973,-0.02447565644979477,0.0898328348994255,-0.13157647848129272,-0.050513964146375656,0.20786844193935394,-0.26658904552459717,0.21393683552742004,0.16455890238285065,0.0056527103297412395,0.10822339355945587,0.12250279635190964,0.07333987206220627,0.014556107111275196,0.05274847522377968,-0.1010211855173111,0.005615974310785532,0.01913042925298214,-0.08623021095991135,0.06870255619287491,0.10257124155759811
wid_2,-0.1647692620754242,0.11187533289194107,0.060130443423986435,-0.012560454197227955,-0.09707257896661758,-0.05733834207057953,-0.008691607043147087,-0.1071096658706665,0.11798050254583359,-0.049067653715610504,0.22269389033317566,-0.03926798701286316,-0.15165482461452484,-0.0047708735801279545,0.004089979454874992,0.09971287846565247,-0.10045314580202103,-0.15814349055290222,-0.15819409489631653,-0.09512587636709213,-0.026882275938987732,-0.09792908281087875,-0.04327334091067314,0.08126693218946457,-0.14003333449363708,-0.24471546709537506,-0.11461017280817032,-0.09529121220111847,0.05955016240477562,-0.06318073719739914,0.03224707022309303,-0.030811121687293053,-0.18101251125335693,-0.012186897918581963,-0.04113049805164337,0.05413373187184334,0.04392051696777344,-0.03444445878267288,0.23773789405822754,-0.02438877895474434,-0.17420773208141327,-0.003795628435909748,0.059576019644737244,0.2298283725976944,0.1935291588306427,-0.012019629590213299,0.02392745018005371,0.013920053839683533,0.04614458233118057,-0.17990374565124512,0.09939344227313995,0.08244659751653671,0.20663109421730042,0.05335837975144386,0.018602807074785233,-0.19736099243164062,-0.006751687731593847,0.10816345363855362,-0.14646269381046295,0.08658017218112946,0.021514173597097397,-0.13209621608257294,-0.09512536972761154,-0.027348700910806656,0.2797567844390869,0.20545634627342224,-0.07420240342617035,-0.1582818180322647,0.20205561816692352,-0.15355679392814636,-0.004121331498026848,0.07502046972513199,-0.10665591061115265,-0.10239292681217194,-0.30441421270370483,0.08029542863368988,0.4426576793193817,0.11442656815052032,-0.25808340311050415,-0.006584308575838804,-0.12800167500972748,-0.006789315491914749,0.009460430592298508,0.014307140372693539,-0.15265637636184692,0.0029766687657684088,-0.13066977262496948,0.009167996235191822,0.23070845007896423,0.022446341812610626,-0.049054693430662155,0.15918377041816711,0.019557533785700798,-0.012211033143103123,0.03940751776099205,-0.03776060789823532,-0.03692946583032608,-0.09291716665029526,-0.07116250693798065,-0.04013698920607567,0.037198103964328766,-0.09958378970623016,-0.005653826519846916,0.06817473471164703,-0.2185358852148056,0.09494281560182571,0.02736130729317665,-0.02314089983701706,-0.05197382718324661,0.11337818205356598,-0.10250149667263031,-0.05980219691991806,0.238364115357399,-0.21551018953323364,0.17386683821678162,0.15408286452293396,0.009598571807146072,0.11607438325881958,0.09507102519273758,0.1060219556093216,-0.01680329628288746,0.042627204209566116,-0.07424911856651306,-0.006785837467759848,0.02286495268344879,-0.08096081763505936,0.1182415783405304,0.12457475066184998
wid_2,-0.13446827232837677,0.11860547959804535,0.09271520376205444,0.004534801468253136,-0.11640385538339615,-0.04266926646232605,-0.029460484161973,-0.12283921241760254,0.1262882798910141,-0.05899816006422043,0.231362447142601,0.027172207832336426,-0.14710210263729095,-0.02284267544746399,-0.006844088900834322,0.08015846461057663,-0.10403387993574142,-0.1769215613603592,-0.12670816481113434,-0.05318007618188858,-0.03782174736261368,-0.13556694984436035,-0.042165450751781464,0.048140835016965866,-0.14050546288490295,-0.2856934070587158,-0.13182631134986877,-0.08608460426330566,0.0024036455433815718,-0.0692143589258194,0.09750102460384369,-0.033649515360593796,-0.1396540105342865,0.009531410411000252,-0.04449979588389397,0.08188614994287491,-0.02142646536231041,-0.04813261702656746,0.19642214477062225,-0.05704845115542412,-0.20681042969226837,0.002877390244975686,0.026835056021809578,0.23191118240356445,0.2013026475906372,0.01054411567747593,0.05167131870985031,-0.03030943125486374,0.07267200946807861,-0.1939191222190857,0.12135021388530731,0.11184384673833847,0.1628572940826416,0.06883346289396286,0.0449436791241169,-0.17579808831214905,0.011507371440529823,0.14275437593460083,-0.15023304522037506,0.05754325911402702,-0.01119612529873848,-0.10771086066961288,-0.0692133903503418,-0.020496416836977005,0.26135414838790894,0.24519485235214233,-0.10155262798070908,-0.14718884229660034,0.19029146432876587,-0.17086027562618256,-0.05193159356713295,0.056872863322496414,-0.11499946564435959,-0.14609815180301666,-0.307814359664917,0.07452293485403061,0.46223896741867065,0.0918467715382576,-0.2413128912448883,-0.03359529376029968,-0.10866772383451462,0.0002849092415999621,-0.006267308257520199,0.06484349817037582,-0.15633781254291534,-0.027890337631106377,-0.12888744473457336,-0.016404474154114723,0.22893032431602478,0.016398543491959572,-0.05867401137948036,0.1582450419664383,0.0014046486467123032,-0.02657850831747055,0.042900148779153824,0.006543363444507122,-0.042961105704307556,-0.030744675546884537,-0.08230957388877869,-0.07092296332120895,0.07756223529577255,-0.08420123159885406,-0.023259824141860008,0.06307464092969894,-0.22145085036754608,0.13494442403316498,0.02939775213599205,0.014979698695242405,0.007458712439984083,0.06150149181485176,-0.1016029492020607,-0.05379997193813324,0.2552245855331421,-0.2344294935464859,0.22251546382904053,0.16084472835063934,0.01037775631994009,0.13539056479930878,0.11475313454866409,0.0956042930483818,-0.019926564767956734,-0.013580294325947762,-0.08797913789749146,0.0064317346550524235,-0.002026008442044258,-0.06182136386632919,0.07572924345731735,0.09244249761104584
wid_2,-0.1354963779449463,0.12186489999294281,0.091398686170578,-0.0069298516027629375,-0.11032658815383911,-0.0032674309331923723,-0.05199764668941498,-0.08401268720626831,0.10798762738704681,-0.031835462898015976,0.19617922604084015,0.003153465921059251,-0.181181401014328,0.01823432184755802,-0.011347159743309021,0.05842568725347519,-0.09108743816614151,-0.1516968309879303,-0.1442054808139801,-0.05760524794459343,-0.018850550055503845,-0.11978041380643845,-0.05147914960980415,0.03268412500619888,-0.15755438804626465,-0.2949765920639038,-0.12751290202140808,-0.06151801347732544,-0.0029393555596470833,-0.09525953233242035,0.07338131219148636,-0.037625521421432495,-0.1719168722629547,-0.005779710598289967,-0.04031205549836159,0.07051201164722443,-0.00215435610152781,-0.03149067610502243,0.1736559271812439,-0.055505938827991486,-0.19701553881168365,0.018134962767362595,0.0766240805387497,0.2269096076488495,0.21505913138389587,0.05663807690143585,0.009433726780116558,-0.009261569939553738,0.07571540027856827,-0.18288233876228333,0.11363694816827774,0.10947722941637039,0.16989393532276154,0.06678645312786102,0.06746195256710052,-0.18552865087985992,0.0034813203383237123,0.14562365412712097,-0.15545104444026947,0.0484255813062191,-0.040506597608327866,-0.10187214612960815,-0.08049989491701126,-0.043865472078323364,0.2513982355594635,0.21763518452644348,-0.09316343814134598,-0.15040168166160583,0.19797495007514954,-0.14093686640262604,-0.01490485854446888,0.07304004579782486,-0.10699576884508133,-0.13411752879619598,-0.2959651052951813,0.08012093603610992,0.4543730914592743,0.08301921933889389,-0.2570686638355255,-0.012305260635912418,-0.08598031848669052,-0.018888594582676888,-0.01228786539286375,0.034319303929805756,-0.16049717366695404,-0.016153845936059952,-0.11033945530653,-0.005236802622675896,0.22049576044082642,0.03142965957522392,-0.049006976187229156,0.12777087092399597,0.004248779267072678,-0.04349469020962715,0.061995066702365875,0.01775398850440979,-0.0919901430606842,-0.06082232668995857,-0.1306140273809433,-0.09946504980325699,0.0727032721042633,-0.08655203133821487,-0.039525486528873444,0.07532999664545059,-0.21787868440151215,0.1324121057987213,0.04577246680855751,-0.02154107205569744,-0.015509518794715405,0.06543050706386566,-0.09485267847776413,-0.043367672711610794,0.24506016075611115,-0.267583966255188,0.19422557950019836,0.14350366592407227,-0.01681588962674141,0.12788796424865723,0.10093692690134048,0.09741468727588654,-0.016065945848822594,0.029859716072678566,-0.08892973512411118,-0.03564564138650894,0.021510183811187744,-0.06805739551782608,0.09460180252790451,0.07734102010726929
wid_2,-0.15143072605133057,0.08301248401403427,0.09527075290679932,-0.021315209567546844,-0.11915579438209534,-0.04521782323718071,-0.027723204344511032,-0.09829746186733246,0.10970761626958847,-0.05222857743501663,0.21552938222885132,-0.01586887612938881,-0.1663755476474762,0.0016142006497830153,-0.019305527210235596,0.06004941090941429,-0.08534678816795349,-0.16241921484470367,-0.16004571318626404,-0.10358598083257675,-0.03836939483880997,-0.11837203055620193,-0.06452646106481552,0.04860449582338333,-0.12867310643196106,-0.28133243322372437,-0.10276591032743454,-0.07749688625335693,0.012687250971794128,-0.06862108409404755,0.06156335771083832,-0.02494390308856964,-0.197098046541214,-0.028482239693403244,-0.04404100030660629,0.07448273152112961,0.0004036443424411118,-0.026066843420267105,0.18938757479190826,-0.05901246890425682,-0.16192033886909485,0.026248103007674217,0.08088351041078568,0.22131100296974182,0.20591822266578674,0.047569453716278076,0.00993951503187418,-0.0023933895863592625,0.08811358362436295,-0.20513463020324707,0.11019918322563171,0.09701255708932877,0.19104550778865814,0.04483640566468239,0.07377167046070099,-0.21578720211982727,-0.01041952520608902,0.1148495227098465,-0.1281195431947708,0.0877038761973381,-0.04500199854373932,-0.10978332906961441,-0.09254863858222961,-0.05185778811573982,0.2704663872718811,0.20902635157108307,-0.07839659601449966,-0.12552021443843842,0.21154098212718964,-0.1390911042690277,-0.00904254149645567,0.057099953293800354,-0.10796338319778442,-0.11809701472520828,-0.2855163812637329,0.08569151163101196,0.4680905044078827,0.08372374624013901,-0.2593305706977844,0.0005757719045504928,-0.10317039489746094,-0.013778186403214931,-0.0034244905691593885,0.01669359765946865,-0.15491056442260742,-0.014262515120208263,-0.11834090948104858,0.008513838984072208,0.22692221403121948,0.023982036858797073,-0.052367202937603,0.14108715951442719,8.513683133060113e-05,-0.011590956710278988,0.05100654810667038,-0.031319510191679,-0.07804141938686371,-0.06551659107208252,-0.12828269600868225,-0.07580623030662537,0.07216896116733551,-0.08740337938070297,-0.02629038691520691,0.04609745740890503,-0.21409113705158234,0.09496355801820755,0.036013901233673096,-0.014291579835116863,-0.034939415752887726,0.07304790616035461,-0.09975598752498627,-0.03326554596424103,0.2387901395559311,-0.23838067054748535,0.22091209888458252,0.1457746922969818,0.0058989073149859905,0.14328600466251373,0.10849449038505554,0.06044383347034454,0.010358399711549282,0.03133375197649002,-0.07906461507081985,-0.028292469680309296,0.013899141922593117,-0.07069360464811325,0.10127955675125122,0.11052180081605911
wid_2,-0.16442056000232697,0.15111349523067474,0.09525586664676666,-0.004435268230736256,-0.07863149791955948,-0.012123278342187405,-0.007264761254191399,-0.09843187779188156,0.15114128589630127,-0.060664527118206024,0.26167547702789307,0.004326578229665756,-0.1485677808523178,-0.0750957801938057,0.013109764084219933,0.11737743020057678,-0.09133933484554291,-0.16083881258964539,-0.1436203569173813,-0.07258860766887665,-0.009712685830891132,-0.09505108743906021,-0.026050731539726257,0.04449033364653587,-0.14954710006713867,-0.3037509024143219,-0.10406490415334702,-0.09850136190652847,0.02912662737071514,-0.13041283190250397,0.08922289311885834,-0.047772038727998734,-0.15806549787521362,0.015236623585224152,-0.08397600054740906,0.056966617703437805,-0.010918499901890755,-0.03370223566889763,0.2016671597957611,-0.05307227745652199,-0.18836870789527893,0.0002753590524662286,0.014405190013349056,0.20355792343616486,0.20334658026695251,-0.004510547034442425,0.05593666434288025,-0.036809809505939484,0.033422429114580154,-0.15967436134815216,0.08263438940048218,0.09197961539030075,0.13583727180957794,0.04818800464272499,0.01821320503950119,-0.17423881590366364,-0.024290286004543304,0.09241554141044617,-0.14118242263793945,0.026571160182356834,-0.00978411640971899,-0.0979137271642685,-0.12033476680517197,0.025605490431189537,0.25211748480796814,0.1873159110546112,-0.09583315998315811,-0.15847645699977875,0.19446653127670288,-0.14235271513462067,-0.010475734248757362,0.06410156190395355,-0.11301832646131516,-0.14108328521251678,-0.2910532057285309,0.10913071036338806,0.4645656943321228,0.05306974798440933,-0.2562723755836487,0.005957313813269138,-0.11986479163169861,-0.004848186392337084,-0.006814459804445505,0.06202677637338638,-0.1501951366662979,-0.022638168185949326,-0.1328691840171814,0.021414149552583694,0.18603576719760895,0.014282607473433018,-0.047738198190927505,0.14193233847618103,0.02031071111559868,-0.0034716627560555935,0.040367163717746735,-0.007808024063706398,-0.044172253459692,-0.02523788996040821,-0.0692378431558609,-0.06980066001415253,0.0806809812784195,-0.047692712396383286,-0.03257041051983833,0.06065630167722702,-0.182527095079422,0.17248934507369995,0.054922644048929214,-0.009530765935778618,-0.007306587882339954,0.08231816440820694,-0.09825079143047333,-0.0605519637465477,0.22922006249427795,-0.20098310708999634,0.18631796538829803,0.1560368537902832,0.012606313452124596,0.14526934921741486,0.14483210444450378,0.12447696179151535,6.982978084124625e-05,0.045286502689123154,-0.10935694724321365,0.0254425760358572,0.02084386721253395,-0.07236043363809586,0.09597400575876236,0.08221088349819183
wid_2,-0.10211172699928284,0.11539747565984726,0.0532468780875206,-0.05937647074460983,-0.02004694566130638,-0.008696572855114937,-0.004688078537583351,-0.09578239917755127,0.19432877004146576,-0.118114173412323,0.2167649120092392,-0.0062982626259326935,-0.17760927975177765,-0.13130176067352295,-0.009450066834688187,0.07567227631807327,-0.09731108695268631,-0.17492766678333282,-0.10597363114356995,-0.12728670239448547,-0.026412298902869225,0.012697208672761917,-0.012109100818634033,0.004303282126784325,-0.1360129565000534,-0.31353554129600525,-0.07241474092006683,-0.11875836551189423,0.04509850591421127,-0.07781268656253815,0.026190681383013725,0.06233108043670654,-0.22729374468326569,-0.03230220824480057,-0.08813051879405975,0.09570807963609695,0.00275969784706831,0.031124187633395195,0.15454687178134918,0.007687518838793039,-0.1259722262620926,-0.028019635006785393,0.0225400160998106,0.2134208083152771,0.1759551614522934,0.016127722337841988,-0.003753100521862507,-0.00859052874147892,0.10960478335618973,-0.19171421229839325,0.06366803497076035,0.09672330319881439,0.17472060024738312,0.06394718587398529,0.08348287642002106,-0.18244358897209167,-0.0159898828715086,0.06390492618083954,-0.14230427145957947,0.04004337638616562,-0.0603802353143692,-0.10389798134565353,-0.07508853077888489,4.342365718912333e-05,0.2736218273639679,0.09181142598390579,-0.037652309983968735,-0.07419375330209732,0.2628733515739441,-0.0851026251912117,0.03216922655701637,0.10843884199857712,-0.0632980614900589,-0.09699523448944092,-0.19897985458374023,0.1299574077129364,0.38193365931510925,0.05784532427787781,-0.14934249222278595,0.0753403976559639,-0.1348099410533905,-0.05620911344885826,-0.04918207228183746,-0.038555894047021866,-0.15280663967132568,0.0263624656945467,-0.11737367510795593,0.0390176847577095,0.192506343126297,0.0036027550231665373,-0.00869852676987648,0.1603204905986786,-0.04690428823232651,0.051625292748212814,0.06442442536354065,-0.035738952457904816,-0.0988573506474495,-0.001732562785036862,-0.09263204783201218,-0.05409820005297661,0.11117985099554062,-0.15764787793159485,-0.043029773980379105,0.03474687412381172,-0.178016796708107,0.13301467895507812,0.02293422445654869,-0.02684631198644638,0.00010439039760967717,0.0477069690823555,-0.05125216767191887,-0.03291700780391693,0.2028340995311737,-0.22694121301174164,0.22748348116874695,0.08562897890806198,-0.020596932619810104,0.2073858678340912,0.07204174995422363,0.10620525479316711,-0.041156962513923645,-0.04343762248754501,-0.11429177969694138,-0.07168129086494446,0.08117742836475372,-0.055161572992801666,0.06208157539367676,0.09098963439464569
wid_2,-0.13913178443908691,0.12523838877677917,0.07424750179052353,-0.02134154923260212,-0.1249561756849289,-0.01845714822411537,-0.028947269544005394,-0.10771403461694717,0.13089920580387115,-0.045738864690065384,0.2166094183921814,0.015754416584968567,-0.16749675571918488,-0.008057096041738987,-0.018668269738554955,0.078648641705513,-0.10081497579813004,-0.15194424986839294,-0.16084425151348114,-0.07186084985733032,-0.021214069798588753,-0.11571287363767624,-0.04869494587182999,0.05783788859844208,-0.12241096794605255,-0.290318101644516,-0.10817211121320724,-0.06475921720266342,0.00879829004406929,-0.10637102276086807,0.0799795612692833,-0.049483876675367355,-0.17696727812290192,-0.02566525898873806,-0.045462824404239655,0.039922188967466354,-0.0070441486313939095,-0.02505343407392502,0.1922234296798706,-0.04327583685517311,-0.18026790022850037,-0.0024965666234493256,0.06672031432390213,0.23051044344902039,0.2187454253435135,0.05592678487300873,0.02904004044830799,-0.03804365545511246,0.07606679946184158,-0.18418560922145844,0.1023365706205368,0.1014304906129837,0.17719024419784546,0.0628577470779419,0.04748447984457016,-0.1741202473640442,0.002468731487169862,0.11026961356401443,-0.14059454202651978,0.06785842776298523,-0.017710113897919655,-0.11805703490972519,-0.0848434641957283,-0.02104252576828003,0.2858738303184509,0.19701333343982697,-0.08933809399604797,-0.15687821805477142,0.1822454333305359,-0.15464584529399872,-0.06017224118113518,0.04128887504339218,-0.1051517054438591,-0.12087659537792206,-0.33085522055625916,0.06936322897672653,0.4606002867221832,0.07988295704126358,-0.26467442512512207,-0.019130399450659752,-0.11636323481798172,-0.015935178846120834,0.00396699970588088,0.04936344921588898,-0.15871833264827728,-0.035488054156303406,-0.10746048390865326,0.0027799501549452543,0.23826612532138824,0.01039025466889143,-0.06941984593868256,0.13623514771461487,0.010449408553540707,-0.030416635796427727,0.04024918004870415,0.0100227240473032,-0.07574217766523361,-0.034633733332157135,-0.1016576960682869,-0.07681521773338318,0.08527068793773651,-0.05469004437327385,-0.007083269767463207,0.07388076186180115,-0.22619199752807617,0.13089774549007416,0.03145627677440643,-0.020099468529224396,-0.00935315154492855,0.0627078264951706,-0.127462238073349,-0.06042998656630516,0.23879237473011017,-0.23771484196186066,0.23478081822395325,0.1650296300649643,0.01286114752292633,0.12083221971988678,0.1082494705915451,0.08580099046230316,0.005470340605825186,0.043543558567762375,-0.06312285363674164,-0.022089602425694466,0.026950232684612274,-0.06942741572856903,0.11239981651306152,0.08238399028778076
wid_2,-0.10779871046543121,0.09134882688522339,0.08370153605937958,-0.0453188419342041,-0.04372234269976616,-0.035996805876493454,-0.02232954651117325,-0.05323473736643791,0.1847192496061325,-0.1083829402923584,0.24962840974330902,-0.012862512841820717,-0.19200880825519562,-0.1313171684741974,-0.012437146157026291,0.09414317458868027,-0.05864971503615379,-0.1425473988056183,-0.11920207738876343,-0.09723964333534241,-0.02652927301824093,0.013095801696181297,-0.0034720164258033037,-0.006791474297642708,-0.15085150301456451,-0.31702470779418945,-0.0824478343129158,-0.10834302753210068,0.004346018191426992,-0.09556256979703903,0.0032165066804736853,0.06637248396873474,-0.21040759980678558,-0.04564356058835983,-0.07919495552778244,0.08062871545553207,-0.023266339674592018,0.011456428095698357,0.16323812305927277,0.024889621883630753,-0.1584070324897766,-0.06001503765583038,0.04933890700340271,0.22479873895645142,0.1759786456823349,0.013423728756606579,0.022238781675696373,0.00825658068060875,0.08391417562961578,-0.19735261797904968,0.0645754486322403,0.10078360140323639,0.19716022908687592,0.05500480532646179,0.08627949655056,-0.1804157942533493,-0.01646552048623562,0.08271687477827072,-0.13324439525604248,0.03189871460199356,-0.03986901789903641,-0.08091724663972855,-0.0949479267001152,0.01062451209872961,0.29968053102493286,0.09778209030628204,-0.08219479024410248,-0.06179263815283775,0.2458060383796692,-0.06749780476093292,0.026986580342054367,0.09576167911291122,-0.09154216945171356,-0.1270606815814972,-0.2305164337158203,0.12497254461050034,0.39139440655708313,0.02949509024620056,-0.16747266054153442,0.06621669977903366,-0.15539537370204926,-0.0605478435754776,-0.07741209864616394,-0.029271110892295837,-0.15925028920173645,0.041901346296072006,-0.12383973598480225,0.0274745374917984,0.20067577064037323,-0.02140873670578003,0.007018023636192083,0.14129549264907837,-0.02707483246922493,0.011798360385000706,0.05120742321014404,-0.03235577791929245,-0.10321252793073654,-0.02040480077266693,-0.0985800102353096,-0.04909168556332588,0.11582878977060318,-0.1840379238128662,-0.058850061148405075,0.026228679344058037,-0.20570649206638336,0.13389764726161957,0.05684424564242363,-0.05031692609190941,-0.0014079685788601637,0.03970913216471672,-0.09545895457267761,-0.04400863125920296,0.19383686780929565,-0.2181033045053482,0.2130502313375473,0.08246761560440063,0.01702253893017769,0.20848295092582703,0.1188780814409256,0.10737033188343048,-0.03336484357714653,-0.024775000289082527,-0.07989714294672012,-0.08578305691480637,0.07600349187850952,-0.045199643820524216,0.08311291038990021,0.0901549682021141
wid_12,-0.10477200150489807,0.11330072581768036,0.046312373131513596,0.013573165982961655,-0.09813692420721054,-0.029280411079525948,-0.0523134283721447,-0.08084572851657867,0.10840153694152832,-0.02462872862815857,0.20665757358074188,-0.010139909572899342,-0.17428219318389893,0.023614175617694855,-0.00788206048309803,0.08238577842712402,-0.11678288131952286,-0.0915980115532875,-0.15324468910694122,-0.06189362332224846,-0.011200535111129284,-0.06808828562498093,-0.02839796431362629,0.0832844004034996,-0.10674633085727692,-0.2824389338493347,-0.0932999923825264,-0.06512203812599182,0.010712947696447372,-0.11466313153505325,0.07076920568943024,-0.0359981544315815,-0.16420486569404602,0.00529107078909874,-0.014567610807716846,0.031092140823602676,-0.01313114631921053,-0.031241077929735184,0.21054570376873016,-0.030794119462370872,-0.15129654109477997,0.007898053154349327,0.05563611164689064,0.24800343811511993,0.2334507256746292,0.07101836800575256,0.016227900981903076,-0.03762917220592499,0.11101213097572327,-0.24832835793495178,0.09823744744062424,0.07587985694408417,0.17670069634914398,0.06261689215898514,0.038657136261463165,-0.20163342356681824,-0.0032599240075796843,0.11627178639173508,-0.13284316658973694,0.08340895920991898,-0.017715157940983772,-0.12708355486392975,-0.06546080857515335,-0.05236278474330902,0.30360308289527893,0.16185687482357025,-0.11109770089387894,-0.1455668956041336,0.0984058603644371,-0.17948612570762634,-0.03367311507463455,0.09221851825714111,-0.08338887244462967,-0.144855797290802,-0.3349313735961914,0.06722881644964218,0.4387660622596741,0.10165933519601822,-0.2480015903711319,-0.014374608173966408,-0.10246914625167847,-0.007317212410271168,0.003227026667445898,0.03522820398211479,-0.15132024884223938,-0.05185322090983391,-0.11432019621133804,-0.00011559364065760747,0.26725098490715027,-0.016393905505537987,-0.06514668464660645,0.16774724423885345,-0.015742884948849678,0.004710817243903875,-0.0035416490864008665,-0.03281041979789734,-0.06927812099456787,-0.05485391989350319,-0.05613017827272415,-0.0599464513361454,0.058598555624485016,-0.061521660536527634,0.0006130184046924114,0.05411507561802864,-0.26531004905700684,0.14813947677612305,-0.005829256493598223,-0.017238883301615715,0.019899621605873108,0.04075351729989052,-0.15525466203689575,-0.020765600726008415,0.25887009501457214,-0.28788310289382935,0.22397637367248535,0.15015418827533722,0.050576165318489075,0.13626322150230408,0.07148341834545135,0.08990199863910675,-0.028623035177588463,0.060618575662374496,-0.08254416286945343,-0.0022861019242554903,0.057633157819509506,-0.0706988275051117,0.11287050694227219,0.05131131783127785
wid_12,-0.11835923790931702,0.11782403290271759,0.0347646102309227,-0.08184666186571121,-0.08181419968605042,-0.008453256450593472,-0.006051727570593357,-0.08638712763786316,0.1842319369316101,-0.11341144144535065,0.2419271022081375,0.006364777684211731,-0.1814708113670349,-0.1429622322320938,-0.02872009016573429,0.05440520867705345,-0.09664243459701538,-0.1893891543149948,-0.05737041309475899,-0.11838173121213913,0.009144525974988937,-0.018113091588020325,-0.029409199953079224,-0.0055612423457205296,-0.1583237498998642,-0.3019442856311798,-0.100564144551754,-0.09696879982948303,0.04206732288002968,-0.11891184747219086,0.07130684703588486,0.06123970076441765,-0.1824207752943039,0.0009745983988977969,-0.0691254585981369,0.08948870003223419,-0.009429263882339,0.023716025054454803,0.16429419815540314,-0.005967212375253439,-0.13635431230068207,-0.07339233160018921,0.0545508936047554,0.25032901763916016,0.17829491198062897,0.03222069889307022,0.024941174313426018,-0.013095724396407604,0.10482726991176605,-0.16526979207992554,0.10103235393762589,0.1212163046002388,0.19569137692451477,0.048949483782052994,0.09885105490684509,-0.1877620816230774,-0.001433548633940518,0.06240876764059067,-0.13994017243385315,0.01236153393983841,-0.03947047144174576,-0.08008477091789246,-0.08149486780166626,0.02156738005578518,0.3061786890029907,0.08934326469898224,-0.07469408214092255,-0.09364823997020721,0.27030688524246216,-0.08776561915874481,-0.018703196197748184,0.09367576241493225,-0.08965733647346497,-0.09548773616552353,-0.21650055050849915,0.1168336570262909,0.4251554012298584,0.03143804147839546,-0.14510862529277802,0.09389259666204453,-0.13569891452789307,-0.05368810519576073,-0.040313832461833954,-0.02147531323134899,-0.1867304891347885,0.008416070602834225,-0.1437375843524933,0.02850651554763317,0.19491122663021088,-0.018743643537163734,-0.03777438774704933,0.0984756276011467,-0.019844427704811096,0.016194920986890793,0.07789883017539978,-0.009305556304752827,-0.09566900879144669,0.024501105770468712,-0.0660858303308487,-0.05452297627925873,0.12194330990314484,-0.17852121591567993,-0.06276077032089233,0.05248425528407097,-0.20808733999729156,0.1594489961862564,0.055262528359889984,-0.0366867296397686,-0.03741377964615822,0.020690808072686195,-0.08859920501708984,-0.015046604909002781,0.17773941159248352,-0.2877421975135803,0.23758845031261444,0.07681668549776077,-0.0031296510715037584,0.23126518726348877,0.10378706455230713,0.10250313580036163,-0.006672609597444534,-0.05736294016242027,-0.06989497691392899,-0.08980719745159149,0.04627557471394539,-0.05012214928865433,0.07978782802820206,0.09179557859897614
